candidate_id,qualification,job_role,experience_years,experience_was_missing,skills_list,num_skills
1,12,6,1.2857092357921338,False,74,1.7456754802713697
2,0,10,-0.377562738,False,32,1.7456754802713697
3,7,1,1.2857092357921338,False,45,1.7456754802713697
4,2,7,-1.209198725,False,23,1.7456754802713697
5,10,12,-0.377562738,False,65,1.7456754802713697
6,13,9,1.2857092357921338,False,25,0.0574013214015727
7,3,13,-0.377562738,False,18,0.0574013214015727
8,0,8,1.2857092357921338,False,48,3.4339496391411664
9,7,11,-0.377562738,False,40,0.0574013214015727
10,0,2,-1.209198725,False,90,0.0574013214015727
11,6,16,-0.377562738,False,55,0.0574013214015727
12,14,14,1.2857092357921338,False,84,0.0574013214015727
13,0,3,-0.377562738,False,11,0.0574013214015727
14,5,18,-1.209198725,False,61,0.0574013214015727
15,0,17,-0.377562738,False,94,1.7456754802713697
16,1,4,1.2857092357921338,False,59,-1.630872837
17,9,19,1.2857092357921338,False,8,0.0574013214015727
18,3,20,-1.209198725,False,14,0.0574013214015727
19,12,5,-0.377562738,False,71,0.0574013214015727
20,0,15,1.2857092357921338,False,53,0.0574013214015727
21,0,21,-0.377562738,False,31,1.7456754802713697
22,16,0,1.2857092357921338,False,70,0.0574013214015727
23,7,17,-0.377562738,False,34,0.0574013214015727
24,0,12,-1.209198725,False,67,0.0574013214015727
25,15,11,1.2857092357921338,False,42,0.0574013214015727
26,4,7,-0.377562738,False,3,1.7456754802713697
27,8,5,-1.209198725,False,87,0.0574013214015727
28,3,13,-0.377562738,False,13,0.0574013214015727
29,0,8,1.2857092357921338,False,0,0.0574013214015727
30,5,18,-1.209198725,False,63,0.0574013214015727
31,12,6,-0.377562738,False,76,0.0574013214015727
32,0,2,1.2857092357921338,False,9,0.0574013214015727
33,0,10,-0.377562738,False,80,1.7456754802713697
34,7,1,1.2857092357921338,False,36,0.0574013214015727
35,6,16,-0.377562738,False,20,0.0574013214015727
36,14,14,1.2857092357921338,False,27,-1.630872837
37,0,3,-0.377562738,False,10,0.0574013214015727
38,0,17,-1.209198725,False,96,0.0574013214015727
39,11,4,1.2857092357921338,False,58,-1.630872837
40,9,19,-0.377562738,False,7,-1.630872837
41,12,6,1.2857092357921338,False,73,0.0574013214015727
42,2,7,-1.209198725,False,24,1.7456754802713697
43,0,15,-0.377562738,False,49,1.7456754802713697
44,5,21,-1.209198725,False,47,0.0574013214015727
45,0,12,-0.377562738,False,66,0.0574013214015727
46,15,11,1.2857092357921338,False,39,0.0574013214015727
47,3,13,-0.377562738,False,19,-1.630872837
48,0,8,1.2857092357921338,False,2,0.0574013214015727
49,5,18,-1.209198725,False,62,0.0574013214015727
50,0,2,-0.377562738,False,92,0.0574013214015727
51,0,10,-1.209198725,False,83,0.0574013214015727
52,7,1,1.2857092357921338,False,44,0.0574013214015727
53,6,16,-0.377562738,False,54,-1.630872837
54,14,14,1.2857092357921338,False,29,-1.630872837
55,0,3,-0.377562738,False,12,0.0574013214015727
56,0,17,-1.209198725,False,95,1.7456754802713697
57,11,4,1.2857092357921338,False,64,-1.630872837
58,9,19,-0.377562738,False,89,-1.630872837
59,12,5,-1.209198725,False,72,0.0574013214015727
60,0,15,1.2857092357921338,False,52,0.0574013214015727
61,5,21,-0.377562738,False,33,0.0574013214015727
62,16,0,1.2857092357921338,False,79,0.0574013214015727
63,7,17,-0.377562738,False,38,0.0574013214015727
64,0,12,-1.209198725,False,68,0.0574013214015727
65,15,11,1.2857092357921338,False,43,0.0574013214015727
66,4,7,-0.377562738,False,5,1.7456754802713697
67,8,5,-1.209198725,False,85,0.0574013214015727
68,3,13,-0.377562738,False,15,0.0574013214015727
69,0,8,1.2857092357921338,False,1,0.0574013214015727
70,5,18,-1.209198725,False,61,0.0574013214015727
71,12,6,-0.377562738,False,78,0.0574013214015727
72,0,2,1.2857092357921338,False,91,0.0574013214015727
73,0,10,-0.377562738,False,80,1.7456754802713697
74,7,1,1.2857092357921338,False,36,0.0574013214015727
75,6,16,-0.377562738,False,22,0.0574013214015727
76,14,14,1.2857092357921338,False,27,-1.630872837
77,0,3,-0.377562738,False,10,0.0574013214015727
78,0,17,-1.209198725,False,97,1.7456754802713697
79,11,4,1.2857092357921338,False,58,-1.630872837
80,9,19,-0.377562738,False,7,-1.630872837
81,12,6,1.2857092357921338,False,73,0.0574013214015727
82,2,7,-1.209198725,False,24,1.7456754802713697
83,0,15,-0.377562738,False,49,1.7456754802713697
84,5,21,-1.209198725,False,47,0.0574013214015727
85,0,12,-0.377562738,False,66,0.0574013214015727
86,15,11,1.2857092357921338,False,39,0.0574013214015727
87,3,13,-0.377562738,False,19,-1.630872837
88,0,8,1.2857092357921338,False,2,0.0574013214015727
89,5,18,-1.209198725,False,62,0.0574013214015727
90,0,2,-0.377562738,False,92,0.0574013214015727
91,0,10,-1.209198725,False,83,0.0574013214015727
92,7,1,1.2857092357921338,False,44,0.0574013214015727
93,6,16,-0.377562738,False,54,-1.630872837
94,14,14,1.2857092357921338,False,29,-1.630872837
95,0,3,-0.377562738,False,12,0.0574013214015727
96,0,17,-1.209198725,False,95,1.7456754802713697
97,11,4,1.2857092357921338,False,64,-1.630872837
98,9,19,-0.377562738,False,89,-1.630872837
99,12,5,-1.209198725,False,72,0.0574013214015727
100,0,15,1.2857092357921338,False,52,0.0574013214015727
101,5,21,-0.377562738,False,33,0.0574013214015727
102,16,0,1.2857092357921338,False,79,0.0574013214015727
103,7,17,-0.377562738,False,38,0.0574013214015727
104,0,12,-1.209198725,False,68,0.0574013214015727
105,15,11,1.2857092357921338,False,43,0.0574013214015727
106,4,7,-0.377562738,False,5,1.7456754802713697
107,8,5,-1.209198725,False,85,0.0574013214015727
108,3,13,-0.377562738,False,15,0.0574013214015727
109,0,8,1.2857092357921338,False,1,0.0574013214015727
110,5,18,-1.209198725,False,61,0.0574013214015727
111,12,6,-0.377562738,False,78,0.0574013214015727
112,0,2,1.2857092357921338,False,91,0.0574013214015727
113,0,10,-0.377562738,False,80,1.7456754802713697
114,7,1,1.2857092357921338,False,36,0.0574013214015727
115,6,16,-0.377562738,False,22,0.0574013214015727
116,14,14,1.2857092357921338,False,27,-1.630872837
117,0,3,-0.377562738,False,10,0.0574013214015727
118,0,17,-1.209198725,False,97,1.7456754802713697
119,11,4,1.2857092357921338,False,58,-1.630872837
120,9,19,-0.377562738,False,7,-1.630872837
121,12,6,1.2857092357921338,False,73,0.0574013214015727
122,2,7,-1.209198725,False,24,1.7456754802713697
123,0,15,-0.377562738,False,49,1.7456754802713697
124,5,21,-1.209198725,False,47,0.0574013214015727
125,0,12,-0.377562738,False,66,0.0574013214015727
126,15,11,1.2857092357921338,False,39,0.0574013214015727
127,3,13,-0.377562738,False,19,-1.630872837
128,0,8,1.2857092357921338,False,2,0.0574013214015727
129,5,18,-1.209198725,False,62,0.0574013214015727
130,0,2,-0.377562738,False,92,0.0574013214015727
131,0,10,-1.209198725,False,83,0.0574013214015727
132,7,1,1.2857092357921338,False,44,0.0574013214015727
133,6,16,-0.377562738,False,54,-1.630872837
134,14,14,1.2857092357921338,False,29,-1.630872837
135,0,3,-0.377562738,False,12,0.0574013214015727
136,0,17,-1.209198725,False,95,1.7456754802713697
137,11,4,1.2857092357921338,False,64,-1.630872837
138,9,19,-0.377562738,False,89,-1.630872837
139,12,5,-1.209198725,False,72,0.0574013214015727
140,0,15,1.2857092357921338,False,52,0.0574013214015727
141,5,21,-0.377562738,False,33,0.0574013214015727
142,16,0,1.2857092357921338,False,79,0.0574013214015727
143,7,17,-0.377562738,False,38,0.0574013214015727
144,0,12,-1.209198725,False,68,0.0574013214015727
145,15,11,1.2857092357921338,False,43,0.0574013214015727
146,4,7,-0.377562738,False,5,1.7456754802713697
147,8,5,-1.209198725,False,85,0.0574013214015727
148,3,13,-0.377562738,False,15,0.0574013214015727
149,0,8,1.2857092357921338,False,1,0.0574013214015727
150,5,18,-1.209198725,False,61,0.0574013214015727
151,12,6,-0.377562738,False,78,0.0574013214015727
152,0,2,1.2857092357921338,False,91,0.0574013214015727
153,0,10,-0.377562738,False,80,1.7456754802713697
154,7,1,1.2857092357921338,False,36,0.0574013214015727
155,6,16,-0.377562738,False,22,0.0574013214015727
156,14,14,1.2857092357921338,False,27,-1.630872837
157,0,3,-0.377562738,False,10,0.0574013214015727
158,0,17,-1.209198725,False,97,1.7456754802713697
159,11,4,1.2857092357921338,False,58,-1.630872837
160,9,19,-0.377562738,False,7,-1.630872837
161,12,6,1.2857092357921338,False,73,0.0574013214015727
162,2,7,-1.209198725,False,24,1.7456754802713697
163,0,15,-0.377562738,False,49,1.7456754802713697
164,5,21,-1.209198725,False,47,0.0574013214015727
165,0,12,-0.377562738,False,66,0.0574013214015727
166,15,11,1.2857092357921338,False,39,0.0574013214015727
167,3,13,-0.377562738,False,19,-1.630872837
168,0,8,1.2857092357921338,False,2,0.0574013214015727
169,5,18,-1.209198725,False,62,0.0574013214015727
170,0,2,-0.377562738,False,92,0.0574013214015727
171,0,10,-1.209198725,False,83,0.0574013214015727
172,7,1,1.2857092357921338,False,44,0.0574013214015727
173,6,16,-0.377562738,False,54,-1.630872837
174,14,14,1.2857092357921338,False,29,-1.630872837
175,0,3,-0.377562738,False,12,0.0574013214015727
176,0,17,-1.209198725,False,95,1.7456754802713697
177,11,4,1.2857092357921338,False,64,-1.630872837
178,9,19,-0.377562738,False,89,-1.630872837
179,12,5,-1.209198725,False,72,0.0574013214015727
180,0,15,1.2857092357921338,False,52,0.0574013214015727
181,5,21,-0.377562738,False,33,0.0574013214015727
182,16,0,1.2857092357921338,False,79,0.0574013214015727
183,7,17,-0.377562738,False,38,0.0574013214015727
184,0,12,-1.209198725,False,68,0.0574013214015727
185,15,11,1.2857092357921338,False,43,0.0574013214015727
186,4,7,-0.377562738,False,5,1.7456754802713697
187,8,5,-1.209198725,False,85,0.0574013214015727
188,3,13,-0.377562738,False,15,0.0574013214015727
189,0,8,1.2857092357921338,False,1,0.0574013214015727
190,5,18,-1.209198725,False,61,0.0574013214015727
191,12,6,-0.377562738,False,78,0.0574013214015727
192,0,2,1.2857092357921338,False,91,0.0574013214015727
193,0,10,-0.377562738,False,80,1.7456754802713697
194,7,1,1.2857092357921338,False,36,0.0574013214015727
195,6,16,-0.377562738,False,22,0.0574013214015727
196,14,14,1.2857092357921338,False,27,-1.630872837
197,0,3,-0.377562738,False,10,0.0574013214015727
198,0,17,-1.209198725,False,97,1.7456754802713697
199,11,4,1.2857092357921338,False,58,-1.630872837
200,9,19,-0.377562738,False,7,-1.630872837
201,12,6,1.2857092357921338,False,73,0.0574013214015727
202,2,7,-1.209198725,False,24,1.7456754802713697
203,0,15,-0.377562738,False,49,1.7456754802713697
204,5,21,-1.209198725,False,47,0.0574013214015727
205,0,12,-0.377562738,False,66,0.0574013214015727
206,15,11,1.2857092357921338,False,39,0.0574013214015727
207,3,13,-0.377562738,False,19,-1.630872837
208,0,8,1.2857092357921338,False,2,0.0574013214015727
209,5,18,-1.209198725,False,62,0.0574013214015727
210,0,2,-0.377562738,False,92,0.0574013214015727
211,0,10,-1.209198725,False,83,0.0574013214015727
212,7,1,1.2857092357921338,False,44,0.0574013214015727
213,6,16,-0.377562738,False,54,-1.630872837
214,14,14,1.2857092357921338,False,29,-1.630872837
215,0,3,-0.377562738,False,12,0.0574013214015727
216,0,17,-1.209198725,False,95,1.7456754802713697
217,11,4,1.2857092357921338,False,64,-1.630872837
218,9,19,-0.377562738,False,89,-1.630872837
219,12,5,-1.209198725,False,72,0.0574013214015727
220,0,15,1.2857092357921338,False,52,0.0574013214015727
221,5,21,-0.377562738,False,33,0.0574013214015727
222,16,0,1.2857092357921338,False,79,0.0574013214015727
223,7,17,-0.377562738,False,38,0.0574013214015727
224,0,12,-1.209198725,False,68,0.0574013214015727
225,15,11,1.2857092357921338,False,43,0.0574013214015727
226,4,7,-0.377562738,False,5,1.7456754802713697
227,8,5,-1.209198725,False,85,0.0574013214015727
228,3,13,-0.377562738,False,15,0.0574013214015727
229,0,8,1.2857092357921338,False,1,0.0574013214015727
230,5,18,-1.209198725,False,61,0.0574013214015727
231,12,6,-0.377562738,False,78,0.0574013214015727
232,0,2,1.2857092357921338,False,91,0.0574013214015727
233,0,10,-0.377562738,False,80,1.7456754802713697
234,7,1,1.2857092357921338,False,36,0.0574013214015727
235,6,16,-0.377562738,False,22,0.0574013214015727
236,14,14,1.2857092357921338,False,27,-1.630872837
237,0,3,-0.377562738,False,10,0.0574013214015727
238,0,17,-1.209198725,False,97,1.7456754802713697
239,11,4,1.2857092357921338,False,58,-1.630872837
240,9,19,-0.377562738,False,7,-1.630872837
241,12,6,1.2857092357921338,False,73,0.0574013214015727
242,2,7,-1.209198725,False,24,1.7456754802713697
243,0,15,-0.377562738,False,49,1.7456754802713697
244,5,21,-1.209198725,False,47,0.0574013214015727
245,0,12,-0.377562738,False,66,0.0574013214015727
246,15,11,1.2857092357921338,False,39,0.0574013214015727
247,3,13,-0.377562738,False,19,-1.630872837
248,0,8,1.2857092357921338,False,2,0.0574013214015727
249,5,18,-1.209198725,False,62,0.0574013214015727
250,0,2,-0.377562738,False,92,0.0574013214015727
251,0,10,-1.209198725,False,83,0.0574013214015727
252,7,1,1.2857092357921338,False,44,0.0574013214015727
253,6,16,-0.377562738,False,54,-1.630872837
254,14,14,1.2857092357921338,False,29,-1.630872837
255,0,3,-0.377562738,False,12,0.0574013214015727
256,0,17,-1.209198725,False,95,1.7456754802713697
257,11,4,1.2857092357921338,False,64,-1.630872837
258,9,19,-0.377562738,False,89,-1.630872837
259,12,5,-1.209198725,False,72,0.0574013214015727
260,0,15,1.2857092357921338,False,52,0.0574013214015727
261,5,21,-0.377562738,False,33,0.0574013214015727
262,16,0,1.2857092357921338,False,79,0.0574013214015727
263,7,17,-0.377562738,False,38,0.0574013214015727
264,0,12,-1.209198725,False,68,0.0574013214015727
265,15,11,1.2857092357921338,False,43,0.0574013214015727
266,4,7,-0.377562738,False,5,1.7456754802713697
267,8,5,-1.209198725,False,85,0.0574013214015727
268,3,13,-0.377562738,False,15,0.0574013214015727
269,0,8,1.2857092357921338,False,1,0.0574013214015727
270,5,18,-1.209198725,False,61,0.0574013214015727
271,12,6,-0.377562738,False,78,0.0574013214015727
272,0,2,1.2857092357921338,False,91,0.0574013214015727
273,0,10,-0.377562738,False,80,1.7456754802713697
274,7,1,1.2857092357921338,False,36,0.0574013214015727
275,6,16,-0.377562738,False,22,0.0574013214015727
276,14,14,1.2857092357921338,False,27,-1.630872837
277,0,3,-0.377562738,False,10,0.0574013214015727
278,0,17,-1.209198725,False,97,1.7456754802713697
279,11,4,1.2857092357921338,False,58,-1.630872837
280,9,19,-0.377562738,False,7,-1.630872837
281,12,6,1.2857092357921338,False,73,0.0574013214015727
282,2,7,-1.209198725,False,24,1.7456754802713697
283,0,15,-0.377562738,False,49,1.7456754802713697
284,5,21,-1.209198725,False,47,0.0574013214015727
285,0,12,-0.377562738,False,66,0.0574013214015727
286,15,11,1.2857092357921338,False,39,0.0574013214015727
287,3,13,-0.377562738,False,19,-1.630872837
288,0,8,1.2857092357921338,False,2,0.0574013214015727
289,5,18,-1.209198725,False,62,0.0574013214015727
290,0,2,-0.377562738,False,92,0.0574013214015727
291,0,10,-1.209198725,False,83,0.0574013214015727
292,7,1,1.2857092357921338,False,44,0.0574013214015727
293,6,16,-0.377562738,False,54,-1.630872837
294,14,14,1.2857092357921338,False,29,-1.630872837
295,0,3,-0.377562738,False,12,0.0574013214015727
296,0,17,-1.209198725,False,95,1.7456754802713697
297,11,4,1.2857092357921338,False,64,-1.630872837
298,9,19,-0.377562738,False,89,-1.630872837
299,12,5,-1.209198725,False,72,0.0574013214015727
300,0,15,1.2857092357921338,False,52,0.0574013214015727
301,5,21,-0.377562738,False,33,0.0574013214015727
302,16,0,1.2857092357921338,False,79,0.0574013214015727
303,7,17,-0.377562738,False,38,0.0574013214015727
304,0,12,-1.209198725,False,68,0.0574013214015727
305,15,11,1.2857092357921338,False,43,0.0574013214015727
306,4,7,-0.377562738,False,5,1.7456754802713697
307,8,5,-1.209198725,False,85,0.0574013214015727
308,3,13,-0.377562738,False,15,0.0574013214015727
309,0,8,1.2857092357921338,False,1,0.0574013214015727
310,5,18,-1.209198725,False,61,0.0574013214015727
311,12,6,-0.377562738,False,78,0.0574013214015727
312,0,2,1.2857092357921338,False,91,0.0574013214015727
313,0,10,-0.377562738,False,80,1.7456754802713697
314,7,1,1.2857092357921338,False,36,0.0574013214015727
315,6,16,-0.377562738,False,22,0.0574013214015727
316,14,14,1.2857092357921338,False,27,-1.630872837
317,0,3,-0.377562738,False,10,0.0574013214015727
318,0,17,-1.209198725,False,97,1.7456754802713697
319,11,4,1.2857092357921338,False,58,-1.630872837
320,9,19,-0.377562738,False,7,-1.630872837
321,12,6,1.2857092357921338,False,73,0.0574013214015727
322,2,7,-1.209198725,False,24,1.7456754802713697
323,0,15,-0.377562738,False,49,1.7456754802713697
324,5,21,-1.209198725,False,47,0.0574013214015727
325,0,12,-0.377562738,False,66,0.0574013214015727
326,15,11,1.2857092357921338,False,39,0.0574013214015727
327,3,13,-0.377562738,False,19,-1.630872837
328,0,8,1.2857092357921338,False,2,0.0574013214015727
329,5,18,-1.209198725,False,62,0.0574013214015727
330,0,2,-0.377562738,False,92,0.0574013214015727
331,0,10,-1.209198725,False,83,0.0574013214015727
332,7,1,1.2857092357921338,False,44,0.0574013214015727
333,6,16,-0.377562738,False,54,-1.630872837
334,14,14,1.2857092357921338,False,29,-1.630872837
335,0,3,-0.377562738,False,12,0.0574013214015727
336,0,17,-1.209198725,False,95,1.7456754802713697
337,11,4,1.2857092357921338,False,64,-1.630872837
338,9,19,-0.377562738,False,89,-1.630872837
339,12,5,-1.209198725,False,72,0.0574013214015727
340,0,15,1.2857092357921338,False,52,0.0574013214015727
341,5,21,-0.377562738,False,33,0.0574013214015727
342,16,0,1.2857092357921338,False,79,0.0574013214015727
343,7,17,-0.377562738,False,38,0.0574013214015727
344,0,12,-1.209198725,False,68,0.0574013214015727
345,15,11,1.2857092357921338,False,43,0.0574013214015727
346,4,7,-0.377562738,False,5,1.7456754802713697
347,8,5,-1.209198725,False,85,0.0574013214015727
348,3,13,-0.377562738,False,15,0.0574013214015727
349,0,8,1.2857092357921338,False,1,0.0574013214015727
350,5,18,-1.209198725,False,61,0.0574013214015727
351,12,6,-0.377562738,False,78,0.0574013214015727
352,0,2,1.2857092357921338,False,91,0.0574013214015727
353,0,10,-0.377562738,False,80,1.7456754802713697
354,7,1,1.2857092357921338,False,36,0.0574013214015727
355,6,16,-0.377562738,False,22,0.0574013214015727
356,14,14,1.2857092357921338,False,27,-1.630872837
357,0,3,-0.377562738,False,10,0.0574013214015727
358,0,17,-1.209198725,False,97,1.7456754802713697
359,11,4,1.2857092357921338,False,58,-1.630872837
360,9,19,-0.377562738,False,7,-1.630872837
361,12,6,1.2857092357921338,False,73,0.0574013214015727
362,2,7,-1.209198725,False,24,1.7456754802713697
363,0,15,-0.377562738,False,49,1.7456754802713697
364,5,21,-1.209198725,False,47,0.0574013214015727
365,0,12,-0.377562738,False,66,0.0574013214015727
366,15,11,1.2857092357921338,False,39,0.0574013214015727
367,3,13,-0.377562738,False,19,-1.630872837
368,0,8,1.2857092357921338,False,2,0.0574013214015727
369,5,18,-1.209198725,False,62,0.0574013214015727
370,0,2,-0.377562738,False,92,0.0574013214015727
371,0,10,-1.209198725,False,83,0.0574013214015727
372,7,1,1.2857092357921338,False,44,0.0574013214015727
373,6,16,-0.377562738,False,54,-1.630872837
374,14,14,1.2857092357921338,False,29,-1.630872837
375,0,3,-0.377562738,False,12,0.0574013214015727
376,0,17,-1.209198725,False,95,1.7456754802713697
377,11,4,1.2857092357921338,False,64,-1.630872837
378,9,19,-0.377562738,False,89,-1.630872837
379,12,5,-1.209198725,False,72,0.0574013214015727
380,0,15,1.2857092357921338,False,52,0.0574013214015727
381,5,21,-0.377562738,False,33,0.0574013214015727
382,16,0,1.2857092357921338,False,79,0.0574013214015727
383,7,17,-0.377562738,False,38,0.0574013214015727
384,0,12,-1.209198725,False,68,0.0574013214015727
385,15,11,1.2857092357921338,False,43,0.0574013214015727
386,4,7,-0.377562738,False,5,1.7456754802713697
387,8,5,-1.209198725,False,85,0.0574013214015727
388,3,13,-0.377562738,False,15,0.0574013214015727
389,0,8,1.2857092357921338,False,1,0.0574013214015727
390,5,18,-1.209198725,False,61,0.0574013214015727
391,12,6,-0.377562738,False,78,0.0574013214015727
392,0,2,1.2857092357921338,False,91,0.0574013214015727
393,0,10,-0.377562738,False,80,1.7456754802713697
394,7,1,1.2857092357921338,False,36,0.0574013214015727
395,6,16,-0.377562738,False,22,0.0574013214015727
396,14,14,1.2857092357921338,False,27,-1.630872837
397,0,3,-0.377562738,False,10,0.0574013214015727
398,0,17,-1.209198725,False,97,1.7456754802713697
399,11,4,1.2857092357921338,False,58,-1.630872837
400,9,19,-0.377562738,False,7,-1.630872837
401,12,6,1.2857092357921338,False,73,0.0574013214015727
402,2,7,-1.209198725,False,24,1.7456754802713697
403,0,15,-0.377562738,False,49,1.7456754802713697
404,5,21,-1.209198725,False,47,0.0574013214015727
405,0,12,-0.377562738,False,66,0.0574013214015727
406,15,11,1.2857092357921338,False,39,0.0574013214015727
407,3,13,-0.377562738,False,19,-1.630872837
408,0,8,1.2857092357921338,False,2,0.0574013214015727
409,5,18,-1.209198725,False,62,0.0574013214015727
410,0,2,-0.377562738,False,92,0.0574013214015727
411,0,10,-1.209198725,False,83,0.0574013214015727
412,7,1,1.2857092357921338,False,44,0.0574013214015727
413,6,16,-0.377562738,False,54,-1.630872837
414,14,14,1.2857092357921338,False,29,-1.630872837
415,0,3,-0.377562738,False,12,0.0574013214015727
416,0,17,-1.209198725,False,95,1.7456754802713697
417,11,4,1.2857092357921338,False,64,-1.630872837
418,9,19,-0.377562738,False,89,-1.630872837
419,12,5,-1.209198725,False,72,0.0574013214015727
420,0,15,1.2857092357921338,False,52,0.0574013214015727
421,5,21,-0.377562738,False,33,0.0574013214015727
422,16,0,1.2857092357921338,False,79,0.0574013214015727
423,7,17,-0.377562738,False,38,0.0574013214015727
424,0,12,-1.209198725,False,68,0.0574013214015727
425,15,11,1.2857092357921338,False,43,0.0574013214015727
426,4,7,-0.377562738,False,5,1.7456754802713697
427,8,5,-1.209198725,False,85,0.0574013214015727
428,3,13,-0.377562738,False,15,0.0574013214015727
429,0,8,1.2857092357921338,False,1,0.0574013214015727
430,5,18,-1.209198725,False,61,0.0574013214015727
431,12,6,-0.377562738,False,78,0.0574013214015727
432,0,2,1.2857092357921338,False,91,0.0574013214015727
433,0,10,-0.377562738,False,80,1.7456754802713697
434,7,1,1.2857092357921338,False,36,0.0574013214015727
435,6,16,-0.377562738,False,22,0.0574013214015727
436,14,14,1.2857092357921338,False,27,-1.630872837
437,0,3,-0.377562738,False,10,0.0574013214015727
438,0,17,-1.209198725,False,97,1.7456754802713697
439,11,4,1.2857092357921338,False,58,-1.630872837
440,9,19,-0.377562738,False,7,-1.630872837
441,12,6,1.2857092357921338,False,73,0.0574013214015727
442,2,7,-1.209198725,False,24,1.7456754802713697
443,0,15,-0.377562738,False,49,1.7456754802713697
444,5,21,-1.209198725,False,47,0.0574013214015727
445,0,12,-0.377562738,False,66,0.0574013214015727
446,15,11,1.2857092357921338,False,39,0.0574013214015727
447,3,13,-0.377562738,False,19,-1.630872837
448,0,8,1.2857092357921338,False,2,0.0574013214015727
449,5,18,-1.209198725,False,62,0.0574013214015727
450,0,2,-0.377562738,False,92,0.0574013214015727
451,0,10,-1.209198725,False,83,0.0574013214015727
452,7,1,1.2857092357921338,False,44,0.0574013214015727
453,6,16,-0.377562738,False,54,-1.630872837
454,14,14,1.2857092357921338,False,29,-1.630872837
455,0,3,-0.377562738,False,12,0.0574013214015727
456,0,17,-1.209198725,False,95,1.7456754802713697
457,11,4,1.2857092357921338,False,64,-1.630872837
458,9,19,-0.377562738,False,89,-1.630872837
459,12,5,-1.209198725,False,72,0.0574013214015727
460,0,15,1.2857092357921338,False,52,0.0574013214015727
461,5,21,-0.377562738,False,33,0.0574013214015727
462,16,0,1.2857092357921338,False,79,0.0574013214015727
463,7,17,-0.377562738,False,38,0.0574013214015727
464,0,12,-1.209198725,False,68,0.0574013214015727
465,15,11,1.2857092357921338,False,43,0.0574013214015727
466,4,7,-0.377562738,False,5,1.7456754802713697
467,8,5,-1.209198725,False,85,0.0574013214015727
468,3,13,-0.377562738,False,15,0.0574013214015727
469,0,8,1.2857092357921338,False,1,0.0574013214015727
470,5,18,-1.209198725,False,61,0.0574013214015727
471,12,6,-0.377562738,False,78,0.0574013214015727
472,0,2,1.2857092357921338,False,91,0.0574013214015727
473,0,10,-0.377562738,False,80,1.7456754802713697
474,7,1,1.2857092357921338,False,36,0.0574013214015727
475,6,16,-0.377562738,False,22,0.0574013214015727
476,14,14,1.2857092357921338,False,27,-1.630872837
477,0,3,-0.377562738,False,10,0.0574013214015727
478,0,17,-1.209198725,False,97,1.7456754802713697
479,11,4,1.2857092357921338,False,58,-1.630872837
480,9,19,-0.377562738,False,7,-1.630872837
481,12,6,1.2857092357921338,False,73,0.0574013214015727
482,2,7,-1.209198725,False,24,1.7456754802713697
483,0,15,-0.377562738,False,49,1.7456754802713697
484,5,21,-1.209198725,False,47,0.0574013214015727
485,0,12,-0.377562738,False,66,0.0574013214015727
486,15,11,1.2857092357921338,False,39,0.0574013214015727
487,3,13,-0.377562738,False,19,-1.630872837
488,0,8,1.2857092357921338,False,2,0.0574013214015727
489,5,18,-1.209198725,False,62,0.0574013214015727
490,0,2,-0.377562738,False,92,0.0574013214015727
491,0,10,-1.209198725,False,83,0.0574013214015727
492,7,1,1.2857092357921338,False,44,0.0574013214015727
493,6,16,-0.377562738,False,54,-1.630872837
494,14,14,1.2857092357921338,False,29,-1.630872837
495,0,3,-0.377562738,False,12,0.0574013214015727
496,0,17,-1.209198725,False,95,1.7456754802713697
497,11,4,1.2857092357921338,False,64,-1.630872837
498,9,19,-0.377562738,False,89,-1.630872837
499,12,5,-1.209198725,False,72,0.0574013214015727
500,0,15,1.2857092357921338,False,52,0.0574013214015727
501,5,21,-0.377562738,False,33,0.0574013214015727
502,16,0,1.2857092357921338,False,79,0.0574013214015727
503,7,17,-0.377562738,False,38,0.0574013214015727
504,0,12,-1.209198725,False,68,0.0574013214015727
505,15,11,1.2857092357921338,False,43,0.0574013214015727
506,4,7,-0.377562738,False,5,1.7456754802713697
507,8,5,-1.209198725,False,85,0.0574013214015727
508,3,13,-0.377562738,False,15,0.0574013214015727
509,0,8,1.2857092357921338,False,1,0.0574013214015727
510,5,18,-1.209198725,False,61,0.0574013214015727
511,12,6,-0.377562738,False,78,0.0574013214015727
512,0,2,1.2857092357921338,False,91,0.0574013214015727
513,0,10,-0.377562738,False,80,1.7456754802713697
514,7,1,1.2857092357921338,False,36,0.0574013214015727
515,6,16,-0.377562738,False,22,0.0574013214015727
516,14,14,1.2857092357921338,False,27,-1.630872837
517,0,3,-0.377562738,False,10,0.0574013214015727
518,0,17,-1.209198725,False,97,1.7456754802713697
519,11,4,1.2857092357921338,False,58,-1.630872837
520,9,19,-0.377562738,False,7,-1.630872837
521,12,6,1.2857092357921338,False,73,0.0574013214015727
522,2,7,-1.209198725,False,24,1.7456754802713697
523,0,15,-0.377562738,False,49,1.7456754802713697
524,5,21,-1.209198725,False,47,0.0574013214015727
525,0,12,-0.377562738,False,66,0.0574013214015727
526,15,11,1.2857092357921338,False,39,0.0574013214015727
527,3,13,-0.377562738,False,19,-1.630872837
528,0,8,1.2857092357921338,False,2,0.0574013214015727
529,5,18,-1.209198725,False,62,0.0574013214015727
530,0,2,-0.377562738,False,92,0.0574013214015727
531,0,10,-1.209198725,False,83,0.0574013214015727
532,7,1,1.2857092357921338,False,44,0.0574013214015727
533,6,16,-0.377562738,False,54,-1.630872837
534,14,14,1.2857092357921338,False,29,-1.630872837
535,0,3,-0.377562738,False,12,0.0574013214015727
536,0,17,-1.209198725,False,95,1.7456754802713697
537,11,4,1.2857092357921338,False,64,-1.630872837
538,9,19,-0.377562738,False,89,-1.630872837
539,12,5,-1.209198725,False,72,0.0574013214015727
540,0,15,1.2857092357921338,False,52,0.0574013214015727
541,5,21,-0.377562738,False,33,0.0574013214015727
542,16,0,1.2857092357921338,False,79,0.0574013214015727
543,7,17,-0.377562738,False,38,0.0574013214015727
544,0,12,-1.209198725,False,68,0.0574013214015727
545,15,11,1.2857092357921338,False,43,0.0574013214015727
546,4,7,-0.377562738,False,5,1.7456754802713697
547,8,5,-1.209198725,False,85,0.0574013214015727
548,3,13,-0.377562738,False,15,0.0574013214015727
549,0,8,1.2857092357921338,False,1,0.0574013214015727
550,5,18,-1.209198725,False,61,0.0574013214015727
551,12,6,-0.377562738,False,78,0.0574013214015727
552,0,2,1.2857092357921338,False,91,0.0574013214015727
553,0,10,-0.377562738,False,80,1.7456754802713697
554,7,1,1.2857092357921338,False,36,0.0574013214015727
555,6,16,-0.377562738,False,22,0.0574013214015727
556,14,14,1.2857092357921338,False,27,-1.630872837
557,0,3,-0.377562738,False,10,0.0574013214015727
558,0,17,-1.209198725,False,97,1.7456754802713697
559,11,4,1.2857092357921338,False,58,-1.630872837
560,9,19,-0.377562738,False,7,-1.630872837
561,12,6,1.2857092357921338,False,73,0.0574013214015727
562,2,7,-1.209198725,False,24,1.7456754802713697
563,0,15,-0.377562738,False,49,1.7456754802713697
564,5,21,-1.209198725,False,47,0.0574013214015727
565,0,12,-0.377562738,False,66,0.0574013214015727
566,15,11,1.2857092357921338,False,39,0.0574013214015727
567,3,13,-0.377562738,False,19,-1.630872837
568,0,8,1.2857092357921338,False,2,0.0574013214015727
569,5,18,-1.209198725,False,62,0.0574013214015727
570,0,2,-0.377562738,False,92,0.0574013214015727
571,0,10,-1.209198725,False,83,0.0574013214015727
572,7,1,1.2857092357921338,False,44,0.0574013214015727
573,6,16,-0.377562738,False,54,-1.630872837
574,14,14,1.2857092357921338,False,29,-1.630872837
575,0,3,-0.377562738,False,12,0.0574013214015727
576,0,17,-1.209198725,False,95,1.7456754802713697
577,11,4,1.2857092357921338,False,64,-1.630872837
578,9,19,-0.377562738,False,89,-1.630872837
579,12,5,-1.209198725,False,72,0.0574013214015727
580,0,15,1.2857092357921338,False,52,0.0574013214015727
581,5,21,-0.377562738,False,33,0.0574013214015727
582,16,0,1.2857092357921338,False,79,0.0574013214015727
583,7,17,-0.377562738,False,38,0.0574013214015727
584,0,12,-1.209198725,False,68,0.0574013214015727
585,15,11,1.2857092357921338,False,43,0.0574013214015727
586,4,7,-0.377562738,False,5,1.7456754802713697
587,8,5,-1.209198725,False,85,0.0574013214015727
588,3,13,-0.377562738,False,15,0.0574013214015727
589,0,8,1.2857092357921338,False,1,0.0574013214015727
590,5,18,-1.209198725,False,61,0.0574013214015727
591,12,6,-0.377562738,False,78,0.0574013214015727
592,0,2,1.2857092357921338,False,91,0.0574013214015727
593,0,10,-0.377562738,False,80,1.7456754802713697
594,7,1,1.2857092357921338,False,36,0.0574013214015727
595,6,16,-0.377562738,False,22,0.0574013214015727
596,14,14,1.2857092357921338,False,27,-1.630872837
597,0,3,-0.377562738,False,10,0.0574013214015727
598,0,17,-1.209198725,False,97,1.7456754802713697
599,11,4,1.2857092357921338,False,58,-1.630872837
600,9,19,-0.377562738,False,7,-1.630872837
601,12,6,1.2857092357921338,False,73,0.0574013214015727
602,2,7,-1.209198725,False,24,1.7456754802713697
603,0,15,-0.377562738,False,49,1.7456754802713697
604,5,21,-1.209198725,False,47,0.0574013214015727
605,0,12,-0.377562738,False,66,0.0574013214015727
606,15,11,1.2857092357921338,False,39,0.0574013214015727
607,3,13,-0.377562738,False,19,-1.630872837
608,0,8,1.2857092357921338,False,2,0.0574013214015727
609,5,18,-1.209198725,False,62,0.0574013214015727
610,0,2,-0.377562738,False,92,0.0574013214015727
611,0,10,-1.209198725,False,83,0.0574013214015727
612,7,1,1.2857092357921338,False,44,0.0574013214015727
613,6,16,-0.377562738,False,54,-1.630872837
614,14,14,1.2857092357921338,False,29,-1.630872837
615,0,3,-0.377562738,False,12,0.0574013214015727
616,0,17,-1.209198725,False,95,1.7456754802713697
617,11,4,1.2857092357921338,False,64,-1.630872837
618,9,19,-0.377562738,False,89,-1.630872837
619,12,5,-1.209198725,False,72,0.0574013214015727
620,0,15,1.2857092357921338,False,52,0.0574013214015727
621,5,21,-0.377562738,False,33,0.0574013214015727
622,16,0,1.2857092357921338,False,79,0.0574013214015727
623,7,17,-0.377562738,False,38,0.0574013214015727
624,0,12,-1.209198725,False,68,0.0574013214015727
625,15,11,1.2857092357921338,False,43,0.0574013214015727
626,4,7,-0.377562738,False,5,1.7456754802713697
627,8,5,-1.209198725,False,85,0.0574013214015727
628,3,13,-0.377562738,False,15,0.0574013214015727
629,0,8,1.2857092357921338,False,1,0.0574013214015727
630,5,18,-1.209198725,False,61,0.0574013214015727
631,12,6,-0.377562738,False,78,0.0574013214015727
632,0,2,1.2857092357921338,False,91,0.0574013214015727
633,0,10,-0.377562738,False,80,1.7456754802713697
634,7,1,1.2857092357921338,False,36,0.0574013214015727
635,6,16,-0.377562738,False,22,0.0574013214015727
636,14,14,1.2857092357921338,False,27,-1.630872837
637,0,3,-0.377562738,False,10,0.0574013214015727
638,0,17,-1.209198725,False,97,1.7456754802713697
639,11,4,1.2857092357921338,False,58,-1.630872837
640,9,19,-0.377562738,False,7,-1.630872837
641,12,6,1.2857092357921338,False,73,0.0574013214015727
642,2,7,-1.209198725,False,24,1.7456754802713697
643,0,15,-0.377562738,False,49,1.7456754802713697
644,5,21,-1.209198725,False,47,0.0574013214015727
645,0,12,-0.377562738,False,66,0.0574013214015727
646,15,11,1.2857092357921338,False,39,0.0574013214015727
647,3,13,-0.377562738,False,19,-1.630872837
648,0,8,1.2857092357921338,False,2,0.0574013214015727
649,5,18,-1.209198725,False,62,0.0574013214015727
650,0,2,-0.377562738,False,92,0.0574013214015727
651,0,10,-1.209198725,False,83,0.0574013214015727
652,7,1,1.2857092357921338,False,44,0.0574013214015727
653,6,16,-0.377562738,False,54,-1.630872837
654,14,14,1.2857092357921338,False,29,-1.630872837
655,0,3,-0.377562738,False,12,0.0574013214015727
656,0,17,-1.209198725,False,95,1.7456754802713697
657,11,4,1.2857092357921338,False,64,-1.630872837
658,9,19,-0.377562738,False,89,-1.630872837
659,12,5,-1.209198725,False,72,0.0574013214015727
660,0,15,1.2857092357921338,False,52,0.0574013214015727
661,5,21,-0.377562738,False,33,0.0574013214015727
662,16,0,1.2857092357921338,False,79,0.0574013214015727
663,7,17,-0.377562738,False,38,0.0574013214015727
664,0,12,-1.209198725,False,68,0.0574013214015727
665,15,11,1.2857092357921338,False,43,0.0574013214015727
666,4,7,-0.377562738,False,5,1.7456754802713697
667,8,5,-1.209198725,False,85,0.0574013214015727
668,3,13,-0.377562738,False,15,0.0574013214015727
669,0,8,1.2857092357921338,False,1,0.0574013214015727
670,5,18,-1.209198725,False,61,0.0574013214015727
671,12,6,-0.377562738,False,78,0.0574013214015727
672,0,2,1.2857092357921338,False,91,0.0574013214015727
673,0,10,-0.377562738,False,80,1.7456754802713697
674,7,1,1.2857092357921338,False,36,0.0574013214015727
675,6,16,-0.377562738,False,22,0.0574013214015727
676,14,14,1.2857092357921338,False,27,-1.630872837
677,0,3,-0.377562738,False,10,0.0574013214015727
678,0,17,-1.209198725,False,97,1.7456754802713697
679,11,4,1.2857092357921338,False,58,-1.630872837
680,9,19,-0.377562738,False,7,-1.630872837
681,12,6,1.2857092357921338,False,73,0.0574013214015727
682,2,7,-1.209198725,False,24,1.7456754802713697
683,0,15,-0.377562738,False,49,1.7456754802713697
684,5,21,-1.209198725,False,47,0.0574013214015727
685,0,12,-0.377562738,False,66,0.0574013214015727
686,15,11,1.2857092357921338,False,39,0.0574013214015727
687,3,13,-0.377562738,False,19,-1.630872837
688,0,8,1.2857092357921338,False,2,0.0574013214015727
689,5,18,-1.209198725,False,62,0.0574013214015727
690,0,2,-0.377562738,False,92,0.0574013214015727
691,0,10,-1.209198725,False,83,0.0574013214015727
692,7,1,1.2857092357921338,False,44,0.0574013214015727
693,6,16,-0.377562738,False,54,-1.630872837
694,14,14,1.2857092357921338,False,29,-1.630872837
695,0,3,-0.377562738,False,12,0.0574013214015727
696,0,17,-1.209198725,False,95,1.7456754802713697
697,11,4,1.2857092357921338,False,64,-1.630872837
698,9,19,-0.377562738,False,88,0.0574013214015727
699,12,5,-1.209198725,False,71,0.0574013214015727
700,0,15,1.2857092357921338,False,51,3.4339496391411664
701,5,21,-0.377562738,False,30,0.0574013214015727
702,16,0,1.2857092357921338,False,75,0.0574013214015727
703,7,17,-0.377562738,False,37,0.0574013214015727
704,0,12,-1.209198725,False,69,0.0574013214015727
705,15,11,1.2857092357921338,False,41,0.0574013214015727
706,4,7,-0.377562738,False,4,1.7456754802713697
707,8,5,-1.209198725,False,86,0.0574013214015727
708,3,13,-0.377562738,False,16,0.0574013214015727
709,0,8,1.2857092357921338,False,0,0.0574013214015727
710,5,18,-1.209198725,False,61,0.0574013214015727
711,12,6,-0.377562738,False,77,0.0574013214015727
712,0,2,1.2857092357921338,False,91,0.0574013214015727
713,0,10,-0.377562738,False,81,1.7456754802713697
714,7,1,1.2857092357921338,False,35,0.0574013214015727
715,6,16,-0.377562738,False,21,0.0574013214015727
716,14,14,1.2857092357921338,False,26,-1.630872837
717,0,3,-0.377562738,False,10,0.0574013214015727
718,0,17,-1.209198725,False,95,1.7456754802713697
719,11,4,1.2857092357921338,False,60,-1.630872837
720,9,19,-0.377562738,False,6,0.0574013214015727
721,12,6,1.2857092357921338,False,73,0.0574013214015727
722,2,7,-1.209198725,False,24,1.7456754802713697
723,0,15,-0.377562738,False,50,0.0574013214015727
724,5,21,-1.209198725,False,47,0.0574013214015727
725,0,12,-0.377562738,False,66,0.0574013214015727
726,15,11,1.2857092357921338,False,39,0.0574013214015727
727,3,13,-0.377562738,False,17,0.0574013214015727
728,0,8,1.2857092357921338,False,2,0.0574013214015727
729,5,18,-1.209198725,False,62,0.0574013214015727
730,0,2,-0.377562738,False,92,0.0574013214015727
731,0,10,-1.209198725,False,82,1.7456754802713697
732,7,1,1.2857092357921338,False,46,0.0574013214015727
733,6,16,-0.377562738,False,56,0.0574013214015727
734,14,14,1.2857092357921338,False,28,-1.630872837
735,0,3,-0.377562738,False,12,0.0574013214015727
736,0,17,-1.209198725,False,97,1.7456754802713697
737,11,4,1.2857092357921338,False,57,-1.630872837
738,9,19,-0.377562738,False,8,0.0574013214015727
739,12,5,-1.209198725,False,72,0.0574013214015727
740,0,15,1.2857092357921338,False,52,0.0574013214015727
741,5,21,-0.377562738,False,33,0.0574013214015727
742,16,0,1.2857092357921338,False,79,0.0574013214015727
743,7,17,-0.377562738,False,38,0.0574013214015727
744,0,12,-1.209198725,False,67,0.0574013214015727
745,15,11,1.2857092357921338,False,43,0.0574013214015727
746,4,7,-0.377562738,False,5,1.7456754802713697
747,8,5,-1.209198725,False,85,0.0574013214015727
748,3,13,-0.377562738,False,15,0.0574013214015727
749,0,8,1.2857092357921338,False,1,0.0574013214015727
750,5,18,-1.209198725,False,61,0.0574013214015727
751,12,6,-0.377562738,False,78,0.0574013214015727
752,0,2,1.2857092357921338,False,91,0.0574013214015727
753,0,10,-0.377562738,False,80,1.7456754802713697
754,7,1,1.2857092357921338,False,36,0.0574013214015727
755,6,16,-0.377562738,False,22,0.0574013214015727
756,14,14,1.2857092357921338,False,27,-1.630872837
757,0,3,-0.377562738,False,10,0.0574013214015727
758,0,17,-1.209198725,False,95,1.7456754802713697
759,11,4,1.2857092357921338,False,60,-1.630872837
760,9,19,-0.377562738,False,7,-1.630872837
761,12,6,1.2857092357921338,False,73,0.0574013214015727
762,2,7,-1.209198725,False,24,1.7456754802713697
763,0,15,-0.377562738,False,49,1.7456754802713697
764,5,21,-1.209198725,False,47,0.0574013214015727
765,0,12,-0.377562738,False,66,0.0574013214015727
766,15,11,1.2857092357921338,False,39,0.0574013214015727
767,3,13,-0.377562738,False,19,-1.630872837
768,0,8,1.2857092357921338,False,2,0.0574013214015727
769,5,18,-1.209198725,False,62,0.0574013214015727
770,0,2,-0.377562738,False,92,0.0574013214015727
771,0,10,-1.209198725,False,83,0.0574013214015727
772,7,1,1.2857092357921338,False,44,0.0574013214015727
773,6,16,-0.377562738,False,54,-1.630872837
774,14,14,1.2857092357921338,False,29,-1.630872837
775,0,3,-0.377562738,False,12,0.0574013214015727
776,0,17,-1.209198725,False,95,1.7456754802713697
777,11,4,1.2857092357921338,False,64,-1.630872837
778,9,19,-0.377562738,False,89,-1.630872837
779,12,5,-1.209198725,False,72,0.0574013214015727
780,0,15,1.2857092357921338,False,52,0.0574013214015727
781,5,21,-0.377562738,False,33,0.0574013214015727
782,16,0,1.2857092357921338,False,79,0.0574013214015727
783,7,17,-0.377562738,False,38,0.0574013214015727
784,0,12,-1.209198725,False,68,0.0574013214015727
785,15,11,1.2857092357921338,False,43,0.0574013214015727
786,4,7,-0.377562738,False,5,1.7456754802713697
787,8,5,-1.209198725,False,85,0.0574013214015727
788,3,13,-0.377562738,False,15,0.0574013214015727
789,0,8,1.2857092357921338,False,1,0.0574013214015727
790,5,18,-1.209198725,False,61,0.0574013214015727
791,12,6,-0.377562738,False,78,0.0574013214015727
792,0,2,1.2857092357921338,False,91,0.0574013214015727
793,0,10,-0.377562738,False,80,1.7456754802713697
794,7,1,1.2857092357921338,False,36,0.0574013214015727
795,6,16,-0.377562738,False,22,0.0574013214015727
796,14,14,1.2857092357921338,False,27,-1.630872837
797,0,3,-0.377562738,False,10,0.0574013214015727
798,0,17,-1.209198725,False,97,1.7456754802713697
799,11,4,1.2857092357921338,False,58,-1.630872837
800,9,19,-0.377562738,False,7,-1.630872837
801,12,6,1.2857092357921338,False,73,0.0574013214015727
802,2,7,-1.209198725,False,24,1.7456754802713697
803,0,15,-0.377562738,False,49,1.7456754802713697
804,5,21,-1.209198725,False,47,0.0574013214015727
805,0,12,-0.377562738,False,66,0.0574013214015727
806,15,11,1.2857092357921338,False,39,0.0574013214015727
807,3,13,-0.377562738,False,19,-1.630872837
808,0,8,1.2857092357921338,False,2,0.0574013214015727
809,5,18,-1.209198725,False,62,0.0574013214015727
810,0,2,-0.377562738,False,93,0.0574013214015727
811,0,10,-1.209198725,False,83,0.0574013214015727
812,7,1,1.2857092357921338,False,44,0.0574013214015727
813,6,16,-0.377562738,False,54,-1.630872837
814,14,14,1.2857092357921338,False,29,-1.630872837
815,0,3,-0.377562738,False,12,0.0574013214015727
816,0,17,-1.209198725,False,95,1.7456754802713697
817,11,4,1.2857092357921338,False,64,-1.630872837
818,9,19,-0.377562738,False,89,-1.630872837
819,12,5,-1.209198725,False,72,0.0574013214015727
820,0,15,1.2857092357921338,False,52,0.0574013214015727
821,5,21,-0.377562738,False,33,0.0574013214015727
822,16,0,1.2857092357921338,False,79,0.0574013214015727
823,7,17,-0.377562738,False,38,0.0574013214015727
824,0,12,-1.209198725,False,68,0.0574013214015727
825,15,11,1.2857092357921338,False,43,0.0574013214015727
826,4,7,-0.377562738,False,5,1.7456754802713697
827,8,5,-1.209198725,False,85,0.0574013214015727
828,3,13,-0.377562738,False,15,0.0574013214015727
829,0,8,1.2857092357921338,False,1,0.0574013214015727
830,5,18,-1.209198725,False,61,0.0574013214015727
831,12,6,-0.377562738,False,78,0.0574013214015727
832,0,2,1.2857092357921338,False,91,0.0574013214015727
833,0,10,-0.377562738,False,80,1.7456754802713697
834,7,1,1.2857092357921338,False,36,0.0574013214015727
835,6,16,-0.377562738,False,22,0.0574013214015727
836,14,14,1.2857092357921338,False,27,-1.630872837
837,0,3,-0.377562738,False,10,0.0574013214015727
838,0,17,-1.209198725,False,97,1.7456754802713697
839,11,4,1.2857092357921338,False,58,-1.630872837
840,9,19,-0.377562738,False,7,-1.630872837
841,12,6,1.2857092357921338,False,73,0.0574013214015727
842,2,7,-1.209198725,False,24,1.7456754802713697
843,0,15,-0.377562738,False,49,1.7456754802713697
844,5,21,-1.209198725,False,47,0.0574013214015727
845,0,12,-0.377562738,False,66,0.0574013214015727
846,15,11,1.2857092357921338,False,39,0.0574013214015727
847,3,13,-0.377562738,False,19,-1.630872837
848,0,8,1.2857092357921338,False,2,0.0574013214015727
849,5,18,-1.209198725,False,62,0.0574013214015727
850,0,2,-0.377562738,False,92,0.0574013214015727
851,0,10,-1.209198725,False,83,0.0574013214015727
852,7,1,1.2857092357921338,False,44,0.0574013214015727
853,6,16,-0.377562738,False,54,-1.630872837
854,14,14,1.2857092357921338,False,29,-1.630872837
855,0,3,-0.377562738,False,12,0.0574013214015727
856,0,17,-1.209198725,False,95,1.7456754802713697
857,11,4,1.2857092357921338,False,64,-1.630872837
858,9,19,-0.377562738,False,89,-1.630872837
859,12,5,-1.209198725,False,72,0.0574013214015727
860,0,15,1.2857092357921338,False,52,0.0574013214015727
861,5,21,-0.377562738,False,33,0.0574013214015727
862,16,0,1.2857092357921338,False,79,0.0574013214015727
863,7,17,-0.377562738,False,38,0.0574013214015727
864,0,12,-1.209198725,False,68,0.0574013214015727
865,15,11,1.2857092357921338,False,43,0.0574013214015727
866,4,7,-0.377562738,False,5,1.7456754802713697
867,8,5,-1.209198725,False,85,0.0574013214015727
868,3,13,-0.377562738,False,15,0.0574013214015727
869,0,8,1.2857092357921338,False,1,0.0574013214015727
870,5,18,-1.209198725,False,61,0.0574013214015727
871,12,6,-0.377562738,False,78,0.0574013214015727
872,0,2,1.2857092357921338,False,91,0.0574013214015727
873,0,10,-0.377562738,False,80,1.7456754802713697
874,7,1,1.2857092357921338,False,36,0.0574013214015727
875,6,16,-0.377562738,False,22,0.0574013214015727
876,14,14,1.2857092357921338,False,27,-1.630872837
877,0,3,-0.377562738,False,10,0.0574013214015727
878,0,17,-1.209198725,False,97,1.7456754802713697
879,11,4,1.2857092357921338,False,58,-1.630872837
880,9,19,-0.377562738,False,7,-1.630872837
881,12,6,1.2857092357921338,False,73,0.0574013214015727
882,2,7,-1.209198725,False,24,1.7456754802713697
883,0,15,-0.377562738,False,49,1.7456754802713697
884,5,21,-1.209198725,False,47,0.0574013214015727
885,0,12,-0.377562738,False,66,0.0574013214015727
886,15,11,1.2857092357921338,False,39,0.0574013214015727
887,3,13,-0.377562738,False,19,-1.630872837
888,0,8,1.2857092357921338,False,2,0.0574013214015727
889,5,18,-1.209198725,False,62,0.0574013214015727
890,0,2,-0.377562738,False,92,0.0574013214015727
891,0,10,-1.209198725,False,83,0.0574013214015727
892,7,1,1.2857092357921338,False,44,0.0574013214015727
893,6,16,-0.377562738,False,54,-1.630872837
894,14,14,1.2857092357921338,False,29,-1.630872837
895,0,3,-0.377562738,False,12,0.0574013214015727
896,0,17,-1.209198725,False,95,1.7456754802713697
897,11,4,1.2857092357921338,False,64,-1.630872837
898,9,19,-0.377562738,False,89,-1.630872837
899,12,5,-1.209198725,False,72,0.0574013214015727
900,0,15,1.2857092357921338,False,52,0.0574013214015727
901,5,21,-0.377562738,False,33,0.0574013214015727
902,16,0,1.2857092357921338,False,79,0.0574013214015727
903,7,17,-0.377562738,False,38,0.0574013214015727
904,0,12,-1.209198725,False,68,0.0574013214015727
905,15,11,1.2857092357921338,False,43,0.0574013214015727
906,4,7,-0.377562738,False,5,1.7456754802713697
907,8,5,-1.209198725,False,85,0.0574013214015727
908,3,13,-0.377562738,False,15,0.0574013214015727
909,0,8,1.2857092357921338,False,1,0.0574013214015727
910,5,18,-1.209198725,False,61,0.0574013214015727
911,12,6,-0.377562738,False,78,0.0574013214015727
912,0,2,1.2857092357921338,False,91,0.0574013214015727
913,0,10,-0.377562738,False,80,1.7456754802713697
914,7,1,1.2857092357921338,False,36,0.0574013214015727
915,6,16,-0.377562738,False,22,0.0574013214015727
916,14,14,1.2857092357921338,False,27,-1.630872837
917,0,3,-0.377562738,False,10,0.0574013214015727
918,0,17,-1.209198725,False,97,1.7456754802713697
919,11,4,1.2857092357921338,False,58,-1.630872837
920,9,19,-0.377562738,False,7,-1.630872837
921,12,6,1.2857092357921338,False,73,0.0574013214015727
922,2,7,-1.209198725,False,24,1.7456754802713697
923,0,15,-0.377562738,False,49,1.7456754802713697
924,5,21,-1.209198725,False,47,0.0574013214015727
925,0,12,-0.377562738,False,66,0.0574013214015727
926,15,11,1.2857092357921338,False,39,0.0574013214015727
927,3,13,-0.377562738,False,19,-1.630872837
928,0,8,1.2857092357921338,False,2,0.0574013214015727
929,5,18,-1.209198725,False,62,0.0574013214015727
930,0,2,-0.377562738,False,92,0.0574013214015727
931,0,10,-1.209198725,False,83,0.0574013214015727
932,7,1,1.2857092357921338,False,44,0.0574013214015727
933,6,16,-0.377562738,False,54,-1.630872837
934,14,14,1.2857092357921338,False,29,-1.630872837
935,0,3,-0.377562738,False,12,0.0574013214015727
936,0,17,-1.209198725,False,95,1.7456754802713697
937,11,4,1.2857092357921338,False,64,-1.630872837
938,9,19,-0.377562738,False,89,-1.630872837
939,12,5,-1.209198725,False,72,0.0574013214015727
940,0,15,1.2857092357921338,False,52,0.0574013214015727
941,5,21,-0.377562738,False,33,0.0574013214015727
942,16,0,1.2857092357921338,False,79,0.0574013214015727
943,7,17,-0.377562738,False,38,0.0574013214015727
944,0,12,-1.209198725,False,68,0.0574013214015727
945,15,11,1.2857092357921338,False,43,0.0574013214015727
946,4,7,-0.377562738,False,5,1.7456754802713697
947,8,5,-1.209198725,False,85,0.0574013214015727
948,3,13,-0.377562738,False,15,0.0574013214015727
949,0,8,1.2857092357921338,False,1,0.0574013214015727
950,5,18,-1.209198725,False,61,0.0574013214015727
951,12,6,-0.377562738,False,78,0.0574013214015727
952,0,2,1.2857092357921338,False,91,0.0574013214015727
953,0,10,-0.377562738,False,80,1.7456754802713697
954,7,1,1.2857092357921338,False,36,0.0574013214015727
955,6,16,-0.377562738,False,22,0.0574013214015727
956,14,14,1.2857092357921338,False,27,-1.630872837
957,0,3,-0.377562738,False,10,0.0574013214015727
958,0,17,-1.209198725,False,97,1.7456754802713697
959,11,4,1.2857092357921338,False,58,-1.630872837
960,9,19,-0.377562738,False,7,-1.630872837
961,12,6,1.2857092357921338,False,73,0.0574013214015727
962,2,7,-1.209198725,False,24,1.7456754802713697
963,0,15,-0.377562738,False,49,1.7456754802713697
964,5,21,-1.209198725,False,47,0.0574013214015727
965,0,12,-0.377562738,False,66,0.0574013214015727
966,15,11,1.2857092357921338,False,39,0.0574013214015727
967,3,13,-0.377562738,False,19,-1.630872837
968,0,8,1.2857092357921338,False,2,0.0574013214015727
969,5,18,-1.209198725,False,62,0.0574013214015727
970,0,2,-0.377562738,False,92,0.0574013214015727
971,0,10,-1.209198725,False,83,0.0574013214015727
972,7,1,1.2857092357921338,False,44,0.0574013214015727
973,6,16,-0.377562738,False,54,-1.630872837
974,14,14,1.2857092357921338,False,29,-1.630872837
975,0,3,-0.377562738,False,12,0.0574013214015727
976,0,17,-1.209198725,False,95,1.7456754802713697
977,11,4,1.2857092357921338,False,64,-1.630872837
978,9,19,-0.377562738,False,89,-1.630872837
979,12,5,-1.209198725,False,72,0.0574013214015727
980,0,15,1.2857092357921338,False,52,0.0574013214015727
981,5,21,-0.377562738,False,33,0.0574013214015727
982,16,0,1.2857092357921338,False,79,0.0574013214015727
983,7,17,-0.377562738,False,38,0.0574013214015727
984,0,12,-1.209198725,False,68,0.0574013214015727
985,15,11,1.2857092357921338,False,43,0.0574013214015727
986,4,7,-0.377562738,False,5,1.7456754802713697
987,8,5,-1.209198725,False,85,0.0574013214015727
988,3,13,-0.377562738,False,15,0.0574013214015727
989,0,8,1.2857092357921338,False,1,0.0574013214015727
990,5,18,-1.209198725,False,61,0.0574013214015727
991,12,6,-0.377562738,False,78,0.0574013214015727
992,0,2,1.2857092357921338,False,91,0.0574013214015727
993,0,10,-0.377562738,False,80,1.7456754802713697
994,7,1,1.2857092357921338,False,36,0.0574013214015727
995,6,16,-0.377562738,False,22,0.0574013214015727
996,14,14,1.2857092357921338,False,27,-1.630872837
997,0,3,-0.377562738,False,10,0.0574013214015727
998,0,17,-1.209198725,False,97,1.7456754802713697
999,11,4,1.2857092357921338,False,58,-1.630872837
1000,9,19,-0.377562738,False,7,-1.630872837
