candidate_id,qualification,job_role,experience_years,experience_was_missing,skills_list,num_skills
1,12,6,1.285709236,FALSE,74,1.74567548
2,0,10,-0.377562738,FALSE,32,1.74567548
3,7,1,1.285709236,FALSE,45,1.74567548
4,2,7,-1.209198725,FALSE,23,1.74567548
5,10,12,-0.377562738,FALSE,65,1.74567548
6,13,9,1.285709236,FALSE,25,0.057401321
7,3,13,-0.377562738,FALSE,18,0.057401321
8,0,8,1.285709236,FALSE,48,3.433949639
9,7,11,-0.377562738,FALSE,40,0.057401321
10,0,2,-1.209198725,FALSE,90,0.057401321
11,6,16,-0.377562738,FALSE,55,0.057401321
12,14,14,1.285709236,FALSE,84,0.057401321
13,0,3,-0.377562738,FALSE,11,0.057401321
14,5,18,-1.209198725,FALSE,61,0.057401321
15,0,17,-0.377562738,FALSE,94,1.74567548
16,1,4,1.285709236,FALSE,59,-1.630872837
17,9,19,1.285709236,FALSE,8,0.057401321
18,3,20,-1.209198725,FALSE,14,0.057401321
19,12,5,-0.377562738,FALSE,71,0.057401321
20,0,15,1.285709236,FALSE,53,0.057401321
21,0,21,-0.377562738,FALSE,31,1.74567548
22,16,0,1.285709236,FALSE,70,0.057401321
23,7,17,-0.377562738,FALSE,34,0.057401321
24,0,12,-1.209198725,FALSE,67,0.057401321
25,15,11,1.285709236,FALSE,42,0.057401321
26,4,7,-0.377562738,FALSE,3,1.74567548
27,8,5,-1.209198725,FALSE,87,0.057401321
28,3,13,-0.377562738,FALSE,13,0.057401321
29,0,8,1.285709236,FALSE,0,0.057401321
30,5,18,-1.209198725,FALSE,63,0.057401321
31,12,6,-0.377562738,FALSE,76,0.057401321
32,0,2,1.285709236,FALSE,9,0.057401321
33,0,10,-0.377562738,FALSE,80,1.74567548
34,7,1,1.285709236,FALSE,36,0.057401321
35,6,16,-0.377562738,FALSE,20,0.057401321
36,14,14,1.285709236,FALSE,27,-1.630872837
37,0,3,-0.377562738,FALSE,10,0.057401321
38,0,17,-1.209198725,FALSE,96,0.057401321
39,11,4,1.285709236,FALSE,58,-1.630872837
40,9,19,-0.377562738,FALSE,7,-1.630872837
41,12,6,1.285709236,FALSE,73,0.057401321
42,2,7,-1.209198725,FALSE,24,1.74567548
43,0,15,-0.377562738,FALSE,49,1.74567548
44,5,21,-1.209198725,FALSE,47,0.057401321
45,0,12,-0.377562738,FALSE,66,0.057401321
46,15,11,1.285709236,FALSE,39,0.057401321
47,3,13,-0.377562738,FALSE,19,-1.630872837
48,0,8,1.285709236,FALSE,2,0.057401321
49,5,18,-1.209198725,FALSE,62,0.057401321
50,0,2,-0.377562738,FALSE,92,0.057401321
51,0,10,-1.209198725,FALSE,83,0.057401321
52,7,1,1.285709236,FALSE,44,0.057401321
53,6,16,-0.377562738,FALSE,54,-1.630872837
54,14,14,1.285709236,FALSE,29,-1.630872837
55,0,3,-0.377562738,FALSE,12,0.057401321
56,0,17,-1.209198725,FALSE,95,1.74567548
57,11,4,1.285709236,FALSE,64,-1.630872837
58,9,19,-0.377562738,FALSE,89,-1.630872837
59,12,5,-1.209198725,FALSE,72,0.057401321
60,0,15,1.285709236,FALSE,52,0.057401321
61,5,21,-0.377562738,FALSE,33,0.057401321
62,16,0,1.285709236,FALSE,79,0.057401321
63,7,17,-0.377562738,FALSE,38,0.057401321
64,0,12,-1.209198725,FALSE,68,0.057401321
65,15,11,1.285709236,FALSE,43,0.057401321
66,4,7,-0.377562738,FALSE,5,1.74567548
67,8,5,-1.209198725,FALSE,85,0.057401321
68,3,13,-0.377562738,FALSE,15,0.057401321
69,0,8,1.285709236,FALSE,1,0.057401321
70,5,18,-1.209198725,FALSE,61,0.057401321
71,12,6,-0.377562738,FALSE,78,0.057401321
72,0,2,1.285709236,FALSE,91,0.057401321
73,0,10,-0.377562738,FALSE,80,1.74567548
74,7,1,1.285709236,FALSE,36,0.057401321
75,6,16,-0.377562738,FALSE,22,0.057401321
76,14,14,1.285709236,FALSE,27,-1.630872837
77,0,3,-0.377562738,FALSE,10,0.057401321
78,0,17,-1.209198725,FALSE,97,1.74567548
79,11,4,1.285709236,FALSE,58,-1.630872837
80,9,19,-0.377562738,FALSE,7,-1.630872837
81,12,6,1.285709236,FALSE,73,0.057401321
82,2,7,-1.209198725,FALSE,24,1.74567548
83,0,15,-0.377562738,FALSE,49,1.74567548
84,5,21,-1.209198725,FALSE,47,0.057401321
85,0,12,-0.377562738,FALSE,66,0.057401321
86,15,11,1.285709236,FALSE,39,0.057401321
87,3,13,-0.377562738,FALSE,19,-1.630872837
88,0,8,1.285709236,FALSE,2,0.057401321
89,5,18,-1.209198725,FALSE,62,0.057401321
90,0,2,-0.377562738,FALSE,92,0.057401321
91,0,10,-1.209198725,FALSE,83,0.057401321
92,7,1,1.285709236,FALSE,44,0.057401321
93,6,16,-0.377562738,FALSE,54,-1.630872837
94,14,14,1.285709236,FALSE,29,-1.630872837
95,0,3,-0.377562738,FALSE,12,0.057401321
96,0,17,-1.209198725,FALSE,95,1.74567548
97,11,4,1.285709236,FALSE,64,-1.630872837
98,9,19,-0.377562738,FALSE,89,-1.630872837
99,12,5,-1.209198725,FALSE,72,0.057401321
100,0,15,1.285709236,FALSE,52,0.057401321
101,5,21,-0.377562738,FALSE,33,0.057401321
102,16,0,1.285709236,FALSE,79,0.057401321
103,7,17,-0.377562738,FALSE,38,0.057401321
104,0,12,-1.209198725,FALSE,68,0.057401321
105,15,11,1.285709236,FALSE,43,0.057401321
106,4,7,-0.377562738,FALSE,5,1.74567548
107,8,5,-1.209198725,FALSE,85,0.057401321
108,3,13,-0.377562738,FALSE,15,0.057401321
109,0,8,1.285709236,FALSE,1,0.057401321
110,5,18,-1.209198725,FALSE,61,0.057401321
111,12,6,-0.377562738,FALSE,78,0.057401321
112,0,2,1.285709236,FALSE,91,0.057401321
113,0,10,-0.377562738,FALSE,80,1.74567548
114,7,1,1.285709236,FALSE,36,0.057401321
115,6,16,-0.377562738,FALSE,22,0.057401321
116,14,14,1.285709236,FALSE,27,-1.630872837
117,0,3,-0.377562738,FALSE,10,0.057401321
118,0,17,-1.209198725,FALSE,97,1.74567548
119,11,4,1.285709236,FALSE,58,-1.630872837
120,9,19,-0.377562738,FALSE,7,-1.630872837
121,12,6,1.285709236,FALSE,73,0.057401321
122,2,7,-1.209198725,FALSE,24,1.74567548
123,0,15,-0.377562738,FALSE,49,1.74567548
124,5,21,-1.209198725,FALSE,47,0.057401321
125,0,12,-0.377562738,FALSE,66,0.057401321
126,15,11,1.285709236,FALSE,39,0.057401321
127,3,13,-0.377562738,FALSE,19,-1.630872837
128,0,8,1.285709236,FALSE,2,0.057401321
129,5,18,-1.209198725,FALSE,62,0.057401321
130,0,2,-0.377562738,FALSE,92,0.057401321
131,0,10,-1.209198725,FALSE,83,0.057401321
132,7,1,1.285709236,FALSE,44,0.057401321
133,6,16,-0.377562738,FALSE,54,-1.630872837
134,14,14,1.285709236,FALSE,29,-1.630872837
135,0,3,-0.377562738,FALSE,12,0.057401321
136,0,17,-1.209198725,FALSE,95,1.74567548
137,11,4,1.285709236,FALSE,64,-1.630872837
138,9,19,-0.377562738,FALSE,89,-1.630872837
139,12,5,-1.209198725,FALSE,72,0.057401321
140,0,15,1.285709236,FALSE,52,0.057401321
141,5,21,-0.377562738,FALSE,33,0.057401321
142,16,0,1.285709236,FALSE,79,0.057401321
143,7,17,-0.377562738,FALSE,38,0.057401321
144,0,12,-1.209198725,FALSE,68,0.057401321
145,15,11,1.285709236,FALSE,43,0.057401321
146,4,7,-0.377562738,FALSE,5,1.74567548
147,8,5,-1.209198725,FALSE,85,0.057401321
148,3,13,-0.377562738,FALSE,15,0.057401321
149,0,8,1.285709236,FALSE,1,0.057401321
150,5,18,-1.209198725,FALSE,61,0.057401321
151,12,6,-0.377562738,FALSE,78,0.057401321
152,0,2,1.285709236,FALSE,91,0.057401321
153,0,10,-0.377562738,FALSE,80,1.74567548
154,7,1,1.285709236,FALSE,36,0.057401321
155,6,16,-0.377562738,FALSE,22,0.057401321
156,14,14,1.285709236,FALSE,27,-1.630872837
157,0,3,-0.377562738,FALSE,10,0.057401321
158,0,17,-1.209198725,FALSE,97,1.74567548
159,11,4,1.285709236,FALSE,58,-1.630872837
160,9,19,-0.377562738,FALSE,7,-1.630872837
161,12,6,1.285709236,FALSE,73,0.057401321
162,2,7,-1.209198725,FALSE,24,1.74567548
163,0,15,-0.377562738,FALSE,49,1.74567548
164,5,21,-1.209198725,FALSE,47,0.057401321
165,0,12,-0.377562738,FALSE,66,0.057401321
166,15,11,1.285709236,FALSE,39,0.057401321
167,3,13,-0.377562738,FALSE,19,-1.630872837
168,0,8,1.285709236,FALSE,2,0.057401321
169,5,18,-1.209198725,FALSE,62,0.057401321
170,0,2,-0.377562738,FALSE,92,0.057401321
171,0,10,-1.209198725,FALSE,83,0.057401321
172,7,1,1.285709236,FALSE,44,0.057401321
173,6,16,-0.377562738,FALSE,54,-1.630872837
174,14,14,1.285709236,FALSE,29,-1.630872837
175,0,3,-0.377562738,FALSE,12,0.057401321
176,0,17,-1.209198725,FALSE,95,1.74567548
177,11,4,1.285709236,FALSE,64,-1.630872837
178,9,19,-0.377562738,FALSE,89,-1.630872837
179,12,5,-1.209198725,FALSE,72,0.057401321
180,0,15,1.285709236,FALSE,52,0.057401321
181,5,21,-0.377562738,FALSE,33,0.057401321
182,16,0,1.285709236,FALSE,79,0.057401321
183,7,17,-0.377562738,FALSE,38,0.057401321
184,0,12,-1.209198725,FALSE,68,0.057401321
185,15,11,1.285709236,FALSE,43,0.057401321
186,4,7,-0.377562738,FALSE,5,1.74567548
187,8,5,-1.209198725,FALSE,85,0.057401321
188,3,13,-0.377562738,FALSE,15,0.057401321
189,0,8,1.285709236,FALSE,1,0.057401321
190,5,18,-1.209198725,FALSE,61,0.057401321
191,12,6,-0.377562738,FALSE,78,0.057401321
192,0,2,1.285709236,FALSE,91,0.057401321
193,0,10,-0.377562738,FALSE,80,1.74567548
194,7,1,1.285709236,FALSE,36,0.057401321
195,6,16,-0.377562738,FALSE,22,0.057401321
196,14,14,1.285709236,FALSE,27,-1.630872837
197,0,3,-0.377562738,FALSE,10,0.057401321
198,0,17,-1.209198725,FALSE,97,1.74567548
199,11,4,1.285709236,FALSE,58,-1.630872837
200,9,19,-0.377562738,FALSE,7,-1.630872837
201,12,6,1.285709236,FALSE,73,0.057401321
202,2,7,-1.209198725,FALSE,24,1.74567548
203,0,15,-0.377562738,FALSE,49,1.74567548
204,5,21,-1.209198725,FALSE,47,0.057401321
205,0,12,-0.377562738,FALSE,66,0.057401321
206,15,11,1.285709236,FALSE,39,0.057401321
207,3,13,-0.377562738,FALSE,19,-1.630872837
208,0,8,1.285709236,FALSE,2,0.057401321
209,5,18,-1.209198725,FALSE,62,0.057401321
210,0,2,-0.377562738,FALSE,92,0.057401321
211,0,10,-1.209198725,FALSE,83,0.057401321
212,7,1,1.285709236,FALSE,44,0.057401321
213,6,16,-0.377562738,FALSE,54,-1.630872837
214,14,14,1.285709236,FALSE,29,-1.630872837
215,0,3,-0.377562738,FALSE,12,0.057401321
216,0,17,-1.209198725,FALSE,95,1.74567548
217,11,4,1.285709236,FALSE,64,-1.630872837
218,9,19,-0.377562738,FALSE,89,-1.630872837
219,12,5,-1.209198725,FALSE,72,0.057401321
220,0,15,1.285709236,FALSE,52,0.057401321
221,5,21,-0.377562738,FALSE,33,0.057401321
222,16,0,1.285709236,FALSE,79,0.057401321
223,7,17,-0.377562738,FALSE,38,0.057401321
224,0,12,-1.209198725,FALSE,68,0.057401321
225,15,11,1.285709236,FALSE,43,0.057401321
226,4,7,-0.377562738,FALSE,5,1.74567548
227,8,5,-1.209198725,FALSE,85,0.057401321
228,3,13,-0.377562738,FALSE,15,0.057401321
229,0,8,1.285709236,FALSE,1,0.057401321
230,5,18,-1.209198725,FALSE,61,0.057401321
231,12,6,-0.377562738,FALSE,78,0.057401321
232,0,2,1.285709236,FALSE,91,0.057401321
233,0,10,-0.377562738,FALSE,80,1.74567548
234,7,1,1.285709236,FALSE,36,0.057401321
235,6,16,-0.377562738,FALSE,22,0.057401321
236,14,14,1.285709236,FALSE,27,-1.630872837
237,0,3,-0.377562738,FALSE,10,0.057401321
238,0,17,-1.209198725,FALSE,97,1.74567548
239,11,4,1.285709236,FALSE,58,-1.630872837
240,9,19,-0.377562738,FALSE,7,-1.630872837
241,12,6,1.285709236,FALSE,73,0.057401321
242,2,7,-1.209198725,FALSE,24,1.74567548
243,0,15,-0.377562738,FALSE,49,1.74567548
244,5,21,-1.209198725,FALSE,47,0.057401321
245,0,12,-0.377562738,FALSE,66,0.057401321
246,15,11,1.285709236,FALSE,39,0.057401321
247,3,13,-0.377562738,FALSE,19,-1.630872837
248,0,8,1.285709236,FALSE,2,0.057401321
249,5,18,-1.209198725,FALSE,62,0.057401321
250,0,2,-0.377562738,FALSE,92,0.057401321
251,0,10,-1.209198725,FALSE,83,0.057401321
252,7,1,1.285709236,FALSE,44,0.057401321
253,6,16,-0.377562738,FALSE,54,-1.630872837
254,14,14,1.285709236,FALSE,29,-1.630872837
255,0,3,-0.377562738,FALSE,12,0.057401321
256,0,17,-1.209198725,FALSE,95,1.74567548
257,11,4,1.285709236,FALSE,64,-1.630872837
258,9,19,-0.377562738,FALSE,89,-1.630872837
259,12,5,-1.209198725,FALSE,72,0.057401321
260,0,15,1.285709236,FALSE,52,0.057401321
261,5,21,-0.377562738,FALSE,33,0.057401321
262,16,0,1.285709236,FALSE,79,0.057401321
263,7,17,-0.377562738,FALSE,38,0.057401321
264,0,12,-1.209198725,FALSE,68,0.057401321
265,15,11,1.285709236,FALSE,43,0.057401321
266,4,7,-0.377562738,FALSE,5,1.74567548
267,8,5,-1.209198725,FALSE,85,0.057401321
268,3,13,-0.377562738,FALSE,15,0.057401321
269,0,8,1.285709236,FALSE,1,0.057401321
270,5,18,-1.209198725,FALSE,61,0.057401321
271,12,6,-0.377562738,FALSE,78,0.057401321
272,0,2,1.285709236,FALSE,91,0.057401321
273,0,10,-0.377562738,FALSE,80,1.74567548
274,7,1,1.285709236,FALSE,36,0.057401321
275,6,16,-0.377562738,FALSE,22,0.057401321
276,14,14,1.285709236,FALSE,27,-1.630872837
277,0,3,-0.377562738,FALSE,10,0.057401321
278,0,17,-1.209198725,FALSE,97,1.74567548
279,11,4,1.285709236,FALSE,58,-1.630872837
280,9,19,-0.377562738,FALSE,7,-1.630872837
281,12,6,1.285709236,FALSE,73,0.057401321
282,2,7,-1.209198725,FALSE,24,1.74567548
283,0,15,-0.377562738,FALSE,49,1.74567548
284,5,21,-1.209198725,FALSE,47,0.057401321
285,0,12,-0.377562738,FALSE,66,0.057401321
286,15,11,1.285709236,FALSE,39,0.057401321
287,3,13,-0.377562738,FALSE,19,-1.630872837
288,0,8,1.285709236,FALSE,2,0.057401321
289,5,18,-1.209198725,FALSE,62,0.057401321
290,0,2,-0.377562738,FALSE,92,0.057401321
291,0,10,-1.209198725,FALSE,83,0.057401321
292,7,1,1.285709236,FALSE,44,0.057401321
293,6,16,-0.377562738,FALSE,54,-1.630872837
294,14,14,1.285709236,FALSE,29,-1.630872837
295,0,3,-0.377562738,FALSE,12,0.057401321
296,0,17,-1.209198725,FALSE,95,1.74567548
297,11,4,1.285709236,FALSE,64,-1.630872837
298,9,19,-0.377562738,FALSE,89,-1.630872837
299,12,5,-1.209198725,FALSE,72,0.057401321
300,0,15,1.285709236,FALSE,52,0.057401321
301,5,21,-0.377562738,FALSE,33,0.057401321
302,16,0,1.285709236,FALSE,79,0.057401321
303,7,17,-0.377562738,FALSE,38,0.057401321
304,0,12,-1.209198725,FALSE,68,0.057401321
305,15,11,1.285709236,FALSE,43,0.057401321
306,4,7,-0.377562738,FALSE,5,1.74567548
307,8,5,-1.209198725,FALSE,85,0.057401321
308,3,13,-0.377562738,FALSE,15,0.057401321
309,0,8,1.285709236,FALSE,1,0.057401321
310,5,18,-1.209198725,FALSE,61,0.057401321
311,12,6,-0.377562738,FALSE,78,0.057401321
312,0,2,1.285709236,FALSE,91,0.057401321
313,0,10,-0.377562738,FALSE,80,1.74567548
314,7,1,1.285709236,FALSE,36,0.057401321
315,6,16,-0.377562738,FALSE,22,0.057401321
316,14,14,1.285709236,FALSE,27,-1.630872837
317,0,3,-0.377562738,FALSE,10,0.057401321
318,0,17,-1.209198725,FALSE,97,1.74567548
319,11,4,1.285709236,FALSE,58,-1.630872837
320,9,19,-0.377562738,FALSE,7,-1.630872837
321,12,6,1.285709236,FALSE,73,0.057401321
322,2,7,-1.209198725,FALSE,24,1.74567548
323,0,15,-0.377562738,FALSE,49,1.74567548
324,5,21,-1.209198725,FALSE,47,0.057401321
325,0,12,-0.377562738,FALSE,66,0.057401321
326,15,11,1.285709236,FALSE,39,0.057401321
327,3,13,-0.377562738,FALSE,19,-1.630872837
328,0,8,1.285709236,FALSE,2,0.057401321
329,5,18,-1.209198725,FALSE,62,0.057401321
330,0,2,-0.377562738,FALSE,92,0.057401321
331,0,10,-1.209198725,FALSE,83,0.057401321
332,7,1,1.285709236,FALSE,44,0.057401321
333,6,16,-0.377562738,FALSE,54,-1.630872837
334,14,14,1.285709236,FALSE,29,-1.630872837
335,0,3,-0.377562738,FALSE,12,0.057401321
336,0,17,-1.209198725,FALSE,95,1.74567548
337,11,4,1.285709236,FALSE,64,-1.630872837
338,9,19,-0.377562738,FALSE,89,-1.630872837
339,12,5,-1.209198725,FALSE,72,0.057401321
340,0,15,1.285709236,FALSE,52,0.057401321
341,5,21,-0.377562738,FALSE,33,0.057401321
342,16,0,1.285709236,FALSE,79,0.057401321
343,7,17,-0.377562738,FALSE,38,0.057401321
344,0,12,-1.209198725,FALSE,68,0.057401321
345,15,11,1.285709236,FALSE,43,0.057401321
346,4,7,-0.377562738,FALSE,5,1.74567548
347,8,5,-1.209198725,FALSE,85,0.057401321
348,3,13,-0.377562738,FALSE,15,0.057401321
349,0,8,1.285709236,FALSE,1,0.057401321
350,5,18,-1.209198725,FALSE,61,0.057401321
351,12,6,-0.377562738,FALSE,78,0.057401321
352,0,2,1.285709236,FALSE,91,0.057401321
353,0,10,-0.377562738,FALSE,80,1.74567548
354,7,1,1.285709236,FALSE,36,0.057401321
355,6,16,-0.377562738,FALSE,22,0.057401321
356,14,14,1.285709236,FALSE,27,-1.630872837
357,0,3,-0.377562738,FALSE,10,0.057401321
358,0,17,-1.209198725,FALSE,97,1.74567548
359,11,4,1.285709236,FALSE,58,-1.630872837
360,9,19,-0.377562738,FALSE,7,-1.630872837
361,12,6,1.285709236,FALSE,73,0.057401321
362,2,7,-1.209198725,FALSE,24,1.74567548
363,0,15,-0.377562738,FALSE,49,1.74567548
364,5,21,-1.209198725,FALSE,47,0.057401321
365,0,12,-0.377562738,FALSE,66,0.057401321
366,15,11,1.285709236,FALSE,39,0.057401321
367,3,13,-0.377562738,FALSE,19,-1.630872837
368,0,8,1.285709236,FALSE,2,0.057401321
369,5,18,-1.209198725,FALSE,62,0.057401321
370,0,2,-0.377562738,FALSE,92,0.057401321
371,0,10,-1.209198725,FALSE,83,0.057401321
372,7,1,1.285709236,FALSE,44,0.057401321
373,6,16,-0.377562738,FALSE,54,-1.630872837
374,14,14,1.285709236,FALSE,29,-1.630872837
375,0,3,-0.377562738,FALSE,12,0.057401321
376,0,17,-1.209198725,FALSE,95,1.74567548
377,11,4,1.285709236,FALSE,64,-1.630872837
378,9,19,-0.377562738,FALSE,89,-1.630872837
379,12,5,-1.209198725,FALSE,72,0.057401321
380,0,15,1.285709236,FALSE,52,0.057401321
381,5,21,-0.377562738,FALSE,33,0.057401321
382,16,0,1.285709236,FALSE,79,0.057401321
383,7,17,-0.377562738,FALSE,38,0.057401321
384,0,12,-1.209198725,FALSE,68,0.057401321
385,15,11,1.285709236,FALSE,43,0.057401321
386,4,7,-0.377562738,FALSE,5,1.74567548
387,8,5,-1.209198725,FALSE,85,0.057401321
388,3,13,-0.377562738,FALSE,15,0.057401321
389,0,8,1.285709236,FALSE,1,0.057401321
390,5,18,-1.209198725,FALSE,61,0.057401321
391,12,6,-0.377562738,FALSE,78,0.057401321
392,0,2,1.285709236,FALSE,91,0.057401321
393,0,10,-0.377562738,FALSE,80,1.74567548
394,7,1,1.285709236,FALSE,36,0.057401321
395,6,16,-0.377562738,FALSE,22,0.057401321
396,14,14,1.285709236,FALSE,27,-1.630872837
397,0,3,-0.377562738,FALSE,10,0.057401321
398,0,17,-1.209198725,FALSE,97,1.74567548
399,11,4,1.285709236,FALSE,58,-1.630872837
400,9,19,-0.377562738,FALSE,7,-1.630872837
401,12,6,1.285709236,FALSE,73,0.057401321
402,2,7,-1.209198725,FALSE,24,1.74567548
403,0,15,-0.377562738,FALSE,49,1.74567548
404,5,21,-1.209198725,FALSE,47,0.057401321
405,0,12,-0.377562738,FALSE,66,0.057401321
406,15,11,1.285709236,FALSE,39,0.057401321
407,3,13,-0.377562738,FALSE,19,-1.630872837
408,0,8,1.285709236,FALSE,2,0.057401321
409,5,18,-1.209198725,FALSE,62,0.057401321
410,0,2,-0.377562738,FALSE,92,0.057401321
411,0,10,-1.209198725,FALSE,83,0.057401321
412,7,1,1.285709236,FALSE,44,0.057401321
413,6,16,-0.377562738,FALSE,54,-1.630872837
414,14,14,1.285709236,FALSE,29,-1.630872837
415,0,3,-0.377562738,FALSE,12,0.057401321
416,0,17,-1.209198725,FALSE,95,1.74567548
417,11,4,1.285709236,FALSE,64,-1.630872837
418,9,19,-0.377562738,FALSE,89,-1.630872837
419,12,5,-1.209198725,FALSE,72,0.057401321
420,0,15,1.285709236,FALSE,52,0.057401321
421,5,21,-0.377562738,FALSE,33,0.057401321
422,16,0,1.285709236,FALSE,79,0.057401321
423,7,17,-0.377562738,FALSE,38,0.057401321
424,0,12,-1.209198725,FALSE,68,0.057401321
425,15,11,1.285709236,FALSE,43,0.057401321
426,4,7,-0.377562738,FALSE,5,1.74567548
427,8,5,-1.209198725,FALSE,85,0.057401321
428,3,13,-0.377562738,FALSE,15,0.057401321
429,0,8,1.285709236,FALSE,1,0.057401321
430,5,18,-1.209198725,FALSE,61,0.057401321
431,12,6,-0.377562738,FALSE,78,0.057401321
432,0,2,1.285709236,FALSE,91,0.057401321
433,0,10,-0.377562738,FALSE,80,1.74567548
434,7,1,1.285709236,FALSE,36,0.057401321
435,6,16,-0.377562738,FALSE,22,0.057401321
436,14,14,1.285709236,FALSE,27,-1.630872837
437,0,3,-0.377562738,FALSE,10,0.057401321
438,0,17,-1.209198725,FALSE,97,1.74567548
439,11,4,1.285709236,FALSE,58,-1.630872837
440,9,19,-0.377562738,FALSE,7,-1.630872837
441,12,6,1.285709236,FALSE,73,0.057401321
442,2,7,-1.209198725,FALSE,24,1.74567548
443,0,15,-0.377562738,FALSE,49,1.74567548
444,5,21,-1.209198725,FALSE,47,0.057401321
445,0,12,-0.377562738,FALSE,66,0.057401321
446,15,11,1.285709236,FALSE,39,0.057401321
447,3,13,-0.377562738,FALSE,19,-1.630872837
448,0,8,1.285709236,FALSE,2,0.057401321
449,5,18,-1.209198725,FALSE,62,0.057401321
450,0,2,-0.377562738,FALSE,92,0.057401321
451,0,10,-1.209198725,FALSE,83,0.057401321
452,7,1,1.285709236,FALSE,44,0.057401321
453,6,16,-0.377562738,FALSE,54,-1.630872837
454,14,14,1.285709236,FALSE,29,-1.630872837
455,0,3,-0.377562738,FALSE,12,0.057401321
456,0,17,-1.209198725,FALSE,95,1.74567548
457,11,4,1.285709236,FALSE,64,-1.630872837
458,9,19,-0.377562738,FALSE,89,-1.630872837
459,12,5,-1.209198725,FALSE,72,0.057401321
460,0,15,1.285709236,FALSE,52,0.057401321
461,5,21,-0.377562738,FALSE,33,0.057401321
462,16,0,1.285709236,FALSE,79,0.057401321
463,7,17,-0.377562738,FALSE,38,0.057401321
464,0,12,-1.209198725,FALSE,68,0.057401321
465,15,11,1.285709236,FALSE,43,0.057401321
466,4,7,-0.377562738,FALSE,5,1.74567548
467,8,5,-1.209198725,FALSE,85,0.057401321
468,3,13,-0.377562738,FALSE,15,0.057401321
469,0,8,1.285709236,FALSE,1,0.057401321
470,5,18,-1.209198725,FALSE,61,0.057401321
471,12,6,-0.377562738,FALSE,78,0.057401321
472,0,2,1.285709236,FALSE,91,0.057401321
473,0,10,-0.377562738,FALSE,80,1.74567548
474,7,1,1.285709236,FALSE,36,0.057401321
475,6,16,-0.377562738,FALSE,22,0.057401321
476,14,14,1.285709236,FALSE,27,-1.630872837
477,0,3,-0.377562738,FALSE,10,0.057401321
478,0,17,-1.209198725,FALSE,97,1.74567548
479,11,4,1.285709236,FALSE,58,-1.630872837
480,9,19,-0.377562738,FALSE,7,-1.630872837
481,12,6,1.285709236,FALSE,73,0.057401321
482,2,7,-1.209198725,FALSE,24,1.74567548
483,0,15,-0.377562738,FALSE,49,1.74567548
484,5,21,-1.209198725,FALSE,47,0.057401321
485,0,12,-0.377562738,FALSE,66,0.057401321
486,15,11,1.285709236,FALSE,39,0.057401321
487,3,13,-0.377562738,FALSE,19,-1.630872837
488,0,8,1.285709236,FALSE,2,0.057401321
489,5,18,-1.209198725,FALSE,62,0.057401321
490,0,2,-0.377562738,FALSE,92,0.057401321
491,0,10,-1.209198725,FALSE,83,0.057401321
492,7,1,1.285709236,FALSE,44,0.057401321
493,6,16,-0.377562738,FALSE,54,-1.630872837
494,14,14,1.285709236,FALSE,29,-1.630872837
495,0,3,-0.377562738,FALSE,12,0.057401321
496,0,17,-1.209198725,FALSE,95,1.74567548
497,11,4,1.285709236,FALSE,64,-1.630872837
498,9,19,-0.377562738,FALSE,89,-1.630872837
499,12,5,-1.209198725,FALSE,72,0.057401321
500,0,15,1.285709236,FALSE,52,0.057401321
501,5,21,-0.377562738,FALSE,33,0.057401321
502,16,0,1.285709236,FALSE,79,0.057401321
503,7,17,-0.377562738,FALSE,38,0.057401321
504,0,12,-1.209198725,FALSE,68,0.057401321
505,15,11,1.285709236,FALSE,43,0.057401321
506,4,7,-0.377562738,FALSE,5,1.74567548
507,8,5,-1.209198725,FALSE,85,0.057401321
508,3,13,-0.377562738,FALSE,15,0.057401321
509,0,8,1.285709236,FALSE,1,0.057401321
510,5,18,-1.209198725,FALSE,61,0.057401321
511,12,6,-0.377562738,FALSE,78,0.057401321
512,0,2,1.285709236,FALSE,91,0.057401321
513,0,10,-0.377562738,FALSE,80,1.74567548
514,7,1,1.285709236,FALSE,36,0.057401321
515,6,16,-0.377562738,FALSE,22,0.057401321
516,14,14,1.285709236,FALSE,27,-1.630872837
517,0,3,-0.377562738,FALSE,10,0.057401321
518,0,17,-1.209198725,FALSE,97,1.74567548
519,11,4,1.285709236,FALSE,58,-1.630872837
520,9,19,-0.377562738,FALSE,7,-1.630872837
521,12,6,1.285709236,FALSE,73,0.057401321
522,2,7,-1.209198725,FALSE,24,1.74567548
523,0,15,-0.377562738,FALSE,49,1.74567548
524,5,21,-1.209198725,FALSE,47,0.057401321
525,0,12,-0.377562738,FALSE,66,0.057401321
526,15,11,1.285709236,FALSE,39,0.057401321
527,3,13,-0.377562738,FALSE,19,-1.630872837
528,0,8,1.285709236,FALSE,2,0.057401321
529,5,18,-1.209198725,FALSE,62,0.057401321
530,0,2,-0.377562738,FALSE,92,0.057401321
531,0,10,-1.209198725,FALSE,83,0.057401321
532,7,1,1.285709236,FALSE,44,0.057401321
533,6,16,-0.377562738,FALSE,54,-1.630872837
534,14,14,1.285709236,FALSE,29,-1.630872837
535,0,3,-0.377562738,FALSE,12,0.057401321
536,0,17,-1.209198725,FALSE,95,1.74567548
537,11,4,1.285709236,FALSE,64,-1.630872837
538,9,19,-0.377562738,FALSE,89,-1.630872837
539,12,5,-1.209198725,FALSE,72,0.057401321
540,0,15,1.285709236,FALSE,52,0.057401321
541,5,21,-0.377562738,FALSE,33,0.057401321
542,16,0,1.285709236,FALSE,79,0.057401321
543,7,17,-0.377562738,FALSE,38,0.057401321
544,0,12,-1.209198725,FALSE,68,0.057401321
545,15,11,1.285709236,FALSE,43,0.057401321
546,4,7,-0.377562738,FALSE,5,1.74567548
547,8,5,-1.209198725,FALSE,85,0.057401321
548,3,13,-0.377562738,FALSE,15,0.057401321
549,0,8,1.285709236,FALSE,1,0.057401321
550,5,18,-1.209198725,FALSE,61,0.057401321
551,12,6,-0.377562738,FALSE,78,0.057401321
552,0,2,1.285709236,FALSE,91,0.057401321
553,0,10,-0.377562738,FALSE,80,1.74567548
554,7,1,1.285709236,FALSE,36,0.057401321
555,6,16,-0.377562738,FALSE,22,0.057401321
556,14,14,1.285709236,FALSE,27,-1.630872837
557,0,3,-0.377562738,FALSE,10,0.057401321
558,0,17,-1.209198725,FALSE,97,1.74567548
559,11,4,1.285709236,FALSE,58,-1.630872837
560,9,19,-0.377562738,FALSE,7,-1.630872837
561,12,6,1.285709236,FALSE,73,0.057401321
562,2,7,-1.209198725,FALSE,24,1.74567548
563,0,15,-0.377562738,FALSE,49,1.74567548
564,5,21,-1.209198725,FALSE,47,0.057401321
565,0,12,-0.377562738,FALSE,66,0.057401321
566,15,11,1.285709236,FALSE,39,0.057401321
567,3,13,-0.377562738,FALSE,19,-1.630872837
568,0,8,1.285709236,FALSE,2,0.057401321
569,5,18,-1.209198725,FALSE,62,0.057401321
570,0,2,-0.377562738,FALSE,92,0.057401321
571,0,10,-1.209198725,FALSE,83,0.057401321
572,7,1,1.285709236,FALSE,44,0.057401321
573,6,16,-0.377562738,FALSE,54,-1.630872837
574,14,14,1.285709236,FALSE,29,-1.630872837
575,0,3,-0.377562738,FALSE,12,0.057401321
576,0,17,-1.209198725,FALSE,95,1.74567548
577,11,4,1.285709236,FALSE,64,-1.630872837
578,9,19,-0.377562738,FALSE,89,-1.630872837
579,12,5,-1.209198725,FALSE,72,0.057401321
580,0,15,1.285709236,FALSE,52,0.057401321
581,5,21,-0.377562738,FALSE,33,0.057401321
582,16,0,1.285709236,FALSE,79,0.057401321
583,7,17,-0.377562738,FALSE,38,0.057401321
584,0,12,-1.209198725,FALSE,68,0.057401321
585,15,11,1.285709236,FALSE,43,0.057401321
586,4,7,-0.377562738,FALSE,5,1.74567548
587,8,5,-1.209198725,FALSE,85,0.057401321
588,3,13,-0.377562738,FALSE,15,0.057401321
589,0,8,1.285709236,FALSE,1,0.057401321
590,5,18,-1.209198725,FALSE,61,0.057401321
591,12,6,-0.377562738,FALSE,78,0.057401321
592,0,2,1.285709236,FALSE,91,0.057401321
593,0,10,-0.377562738,FALSE,80,1.74567548
594,7,1,1.285709236,FALSE,36,0.057401321
595,6,16,-0.377562738,FALSE,22,0.057401321
596,14,14,1.285709236,FALSE,27,-1.630872837
597,0,3,-0.377562738,FALSE,10,0.057401321
598,0,17,-1.209198725,FALSE,97,1.74567548
599,11,4,1.285709236,FALSE,58,-1.630872837
600,9,19,-0.377562738,FALSE,7,-1.630872837
601,12,6,1.285709236,FALSE,73,0.057401321
602,2,7,-1.209198725,FALSE,24,1.74567548
603,0,15,-0.377562738,FALSE,49,1.74567548
604,5,21,-1.209198725,FALSE,47,0.057401321
605,0,12,-0.377562738,FALSE,66,0.057401321
606,15,11,1.285709236,FALSE,39,0.057401321
607,3,13,-0.377562738,FALSE,19,-1.630872837
608,0,8,1.285709236,FALSE,2,0.057401321
609,5,18,-1.209198725,FALSE,62,0.057401321
610,0,2,-0.377562738,FALSE,92,0.057401321
611,0,10,-1.209198725,FALSE,83,0.057401321
612,7,1,1.285709236,FALSE,44,0.057401321
613,6,16,-0.377562738,FALSE,54,-1.630872837
614,14,14,1.285709236,FALSE,29,-1.630872837
615,0,3,-0.377562738,FALSE,12,0.057401321
616,0,17,-1.209198725,FALSE,95,1.74567548
617,11,4,1.285709236,FALSE,64,-1.630872837
618,9,19,-0.377562738,FALSE,89,-1.630872837
619,12,5,-1.209198725,FALSE,72,0.057401321
620,0,15,1.285709236,FALSE,52,0.057401321
621,5,21,-0.377562738,FALSE,33,0.057401321
622,16,0,1.285709236,FALSE,79,0.057401321
623,7,17,-0.377562738,FALSE,38,0.057401321
624,0,12,-1.209198725,FALSE,68,0.057401321
625,15,11,1.285709236,FALSE,43,0.057401321
626,4,7,-0.377562738,FALSE,5,1.74567548
627,8,5,-1.209198725,FALSE,85,0.057401321
628,3,13,-0.377562738,FALSE,15,0.057401321
629,0,8,1.285709236,FALSE,1,0.057401321
630,5,18,-1.209198725,FALSE,61,0.057401321
631,12,6,-0.377562738,FALSE,78,0.057401321
632,0,2,1.285709236,FALSE,91,0.057401321
633,0,10,-0.377562738,FALSE,80,1.74567548
634,7,1,1.285709236,FALSE,36,0.057401321
635,6,16,-0.377562738,FALSE,22,0.057401321
636,14,14,1.285709236,FALSE,27,-1.630872837
637,0,3,-0.377562738,FALSE,10,0.057401321
638,0,17,-1.209198725,FALSE,97,1.74567548
639,11,4,1.285709236,FALSE,58,-1.630872837
640,9,19,-0.377562738,FALSE,7,-1.630872837
641,12,6,1.285709236,FALSE,73,0.057401321
642,2,7,-1.209198725,FALSE,24,1.74567548
643,0,15,-0.377562738,FALSE,49,1.74567548
644,5,21,-1.209198725,FALSE,47,0.057401321
645,0,12,-0.377562738,FALSE,66,0.057401321
646,15,11,1.285709236,FALSE,39,0.057401321
647,3,13,-0.377562738,FALSE,19,-1.630872837
648,0,8,1.285709236,FALSE,2,0.057401321
649,5,18,-1.209198725,FALSE,62,0.057401321
650,0,2,-0.377562738,FALSE,92,0.057401321
651,0,10,-1.209198725,FALSE,83,0.057401321
652,7,1,1.285709236,FALSE,44,0.057401321
653,6,16,-0.377562738,FALSE,54,-1.630872837
654,14,14,1.285709236,FALSE,29,-1.630872837
655,0,3,-0.377562738,FALSE,12,0.057401321
656,0,17,-1.209198725,FALSE,95,1.74567548
657,11,4,1.285709236,FALSE,64,-1.630872837
658,9,19,-0.377562738,FALSE,89,-1.630872837
659,12,5,-1.209198725,FALSE,72,0.057401321
660,0,15,1.285709236,FALSE,52,0.057401321
661,5,21,-0.377562738,FALSE,33,0.057401321
662,16,0,1.285709236,FALSE,79,0.057401321
663,7,17,-0.377562738,FALSE,38,0.057401321
664,0,12,-1.209198725,FALSE,68,0.057401321
665,15,11,1.285709236,FALSE,43,0.057401321
666,4,7,-0.377562738,FALSE,5,1.74567548
667,8,5,-1.209198725,FALSE,85,0.057401321
668,3,13,-0.377562738,FALSE,15,0.057401321
669,0,8,1.285709236,FALSE,1,0.057401321
670,5,18,-1.209198725,FALSE,61,0.057401321
671,12,6,-0.377562738,FALSE,78,0.057401321
672,0,2,1.285709236,FALSE,91,0.057401321
673,0,10,-0.377562738,FALSE,80,1.74567548
674,7,1,1.285709236,FALSE,36,0.057401321
675,6,16,-0.377562738,FALSE,22,0.057401321
676,14,14,1.285709236,FALSE,27,-1.630872837
677,0,3,-0.377562738,FALSE,10,0.057401321
678,0,17,-1.209198725,FALSE,97,1.74567548
679,11,4,1.285709236,FALSE,58,-1.630872837
680,9,19,-0.377562738,FALSE,7,-1.630872837
681,12,6,1.285709236,FALSE,73,0.057401321
682,2,7,-1.209198725,FALSE,24,1.74567548
683,0,15,-0.377562738,FALSE,49,1.74567548
684,5,21,-1.209198725,FALSE,47,0.057401321
685,0,12,-0.377562738,FALSE,66,0.057401321
686,15,11,1.285709236,FALSE,39,0.057401321
687,3,13,-0.377562738,FALSE,19,-1.630872837
688,0,8,1.285709236,FALSE,2,0.057401321
689,5,18,-1.209198725,FALSE,62,0.057401321
690,0,2,-0.377562738,FALSE,92,0.057401321
691,0,10,-1.209198725,FALSE,83,0.057401321
692,7,1,1.285709236,FALSE,44,0.057401321
693,6,16,-0.377562738,FALSE,54,-1.630872837
694,14,14,1.285709236,FALSE,29,-1.630872837
695,0,3,-0.377562738,FALSE,12,0.057401321
696,0,17,-1.209198725,FALSE,95,1.74567548
697,11,4,1.285709236,FALSE,64,-1.630872837
698,9,19,-0.377562738,FALSE,88,0.057401321
699,12,5,-1.209198725,FALSE,71,0.057401321
700,0,15,1.285709236,FALSE,51,3.433949639
701,5,21,-0.377562738,FALSE,30,0.057401321
702,16,0,1.285709236,FALSE,75,0.057401321
703,7,17,-0.377562738,FALSE,37,0.057401321
704,0,12,-1.209198725,FALSE,69,0.057401321
705,15,11,1.285709236,FALSE,41,0.057401321
706,4,7,-0.377562738,FALSE,4,1.74567548
707,8,5,-1.209198725,FALSE,86,0.057401321
708,3,13,-0.377562738,FALSE,16,0.057401321
709,0,8,1.285709236,FALSE,0,0.057401321
710,5,18,-1.209198725,FALSE,61,0.057401321
711,12,6,-0.377562738,FALSE,77,0.057401321
712,0,2,1.285709236,FALSE,91,0.057401321
713,0,10,-0.377562738,FALSE,81,1.74567548
714,7,1,1.285709236,FALSE,35,0.057401321
715,6,16,-0.377562738,FALSE,21,0.057401321
716,14,14,1.285709236,FALSE,26,-1.630872837
717,0,3,-0.377562738,FALSE,10,0.057401321
718,0,17,-1.209198725,FALSE,95,1.74567548
719,11,4,1.285709236,FALSE,60,-1.630872837
720,9,19,-0.377562738,FALSE,6,0.057401321
721,12,6,1.285709236,FALSE,73,0.057401321
722,2,7,-1.209198725,FALSE,24,1.74567548
723,0,15,-0.377562738,FALSE,50,0.057401321
724,5,21,-1.209198725,FALSE,47,0.057401321
725,0,12,-0.377562738,FALSE,66,0.057401321
726,15,11,1.285709236,FALSE,39,0.057401321
727,3,13,-0.377562738,FALSE,17,0.057401321
728,0,8,1.285709236,FALSE,2,0.057401321
729,5,18,-1.209198725,FALSE,62,0.057401321
730,0,2,-0.377562738,FALSE,92,0.057401321
731,0,10,-1.209198725,FALSE,82,1.74567548
732,7,1,1.285709236,FALSE,46,0.057401321
733,6,16,-0.377562738,FALSE,56,0.057401321
734,14,14,1.285709236,FALSE,28,-1.630872837
735,0,3,-0.377562738,FALSE,12,0.057401321
736,0,17,-1.209198725,FALSE,97,1.74567548
737,11,4,1.285709236,FALSE,57,-1.630872837
738,9,19,-0.377562738,FALSE,8,0.057401321
739,12,5,-1.209198725,FALSE,72,0.057401321
740,0,15,1.285709236,FALSE,52,0.057401321
741,5,21,-0.377562738,FALSE,33,0.057401321
742,16,0,1.285709236,FALSE,79,0.057401321
743,7,17,-0.377562738,FALSE,38,0.057401321
744,0,12,-1.209198725,FALSE,67,0.057401321
745,15,11,1.285709236,FALSE,43,0.057401321
746,4,7,-0.377562738,FALSE,5,1.74567548
747,8,5,-1.209198725,FALSE,85,0.057401321
748,3,13,-0.377562738,FALSE,15,0.057401321
749,0,8,1.285709236,FALSE,1,0.057401321
750,5,18,-1.209198725,FALSE,61,0.057401321
751,12,6,-0.377562738,FALSE,78,0.057401321
752,0,2,1.285709236,FALSE,91,0.057401321
753,0,10,-0.377562738,FALSE,80,1.74567548
754,7,1,1.285709236,FALSE,36,0.057401321
755,6,16,-0.377562738,FALSE,22,0.057401321
756,14,14,1.285709236,FALSE,27,-1.630872837
757,0,3,-0.377562738,FALSE,10,0.057401321
758,0,17,-1.209198725,FALSE,95,1.74567548
759,11,4,1.285709236,FALSE,60,-1.630872837
760,9,19,-0.377562738,FALSE,7,-1.630872837
761,12,6,1.285709236,FALSE,73,0.057401321
762,2,7,-1.209198725,FALSE,24,1.74567548
763,0,15,-0.377562738,FALSE,49,1.74567548
764,5,21,-1.209198725,FALSE,47,0.057401321
765,0,12,-0.377562738,FALSE,66,0.057401321
766,15,11,1.285709236,FALSE,39,0.057401321
767,3,13,-0.377562738,FALSE,19,-1.630872837
768,0,8,1.285709236,FALSE,2,0.057401321
769,5,18,-1.209198725,FALSE,62,0.057401321
770,0,2,-0.377562738,FALSE,92,0.057401321
771,0,10,-1.209198725,FALSE,83,0.057401321
772,7,1,1.285709236,FALSE,44,0.057401321
773,6,16,-0.377562738,FALSE,54,-1.630872837
774,14,14,1.285709236,FALSE,29,-1.630872837
775,0,3,-0.377562738,FALSE,12,0.057401321
776,0,17,-1.209198725,FALSE,95,1.74567548
777,11,4,1.285709236,FALSE,64,-1.630872837
778,9,19,-0.377562738,FALSE,89,-1.630872837
779,12,5,-1.209198725,FALSE,72,0.057401321
780,0,15,1.285709236,FALSE,52,0.057401321
781,5,21,-0.377562738,FALSE,33,0.057401321
782,16,0,1.285709236,FALSE,79,0.057401321
783,7,17,-0.377562738,FALSE,38,0.057401321
784,0,12,-1.209198725,FALSE,68,0.057401321
785,15,11,1.285709236,FALSE,43,0.057401321
786,4,7,-0.377562738,FALSE,5,1.74567548
787,8,5,-1.209198725,FALSE,85,0.057401321
788,3,13,-0.377562738,FALSE,15,0.057401321
789,0,8,1.285709236,FALSE,1,0.057401321
790,5,18,-1.209198725,FALSE,61,0.057401321
791,12,6,-0.377562738,FALSE,78,0.057401321
792,0,2,1.285709236,FALSE,91,0.057401321
793,0,10,-0.377562738,FALSE,80,1.74567548
794,7,1,1.285709236,FALSE,36,0.057401321
795,6,16,-0.377562738,FALSE,22,0.057401321
796,14,14,1.285709236,FALSE,27,-1.630872837
797,0,3,-0.377562738,FALSE,10,0.057401321
798,0,17,-1.209198725,FALSE,97,1.74567548
799,11,4,1.285709236,FALSE,58,-1.630872837
800,9,19,-0.377562738,FALSE,7,-1.630872837
801,12,6,1.285709236,FALSE,73,0.057401321
802,2,7,-1.209198725,FALSE,24,1.74567548
803,0,15,-0.377562738,FALSE,49,1.74567548
804,5,21,-1.209198725,FALSE,47,0.057401321
805,0,12,-0.377562738,FALSE,66,0.057401321
806,15,11,1.285709236,FALSE,39,0.057401321
807,3,13,-0.377562738,FALSE,19,-1.630872837
808,0,8,1.285709236,FALSE,2,0.057401321
809,5,18,-1.209198725,FALSE,62,0.057401321
810,0,2,-0.377562738,FALSE,93,0.057401321
811,0,10,-1.209198725,FALSE,83,0.057401321
812,7,1,1.285709236,FALSE,44,0.057401321
813,6,16,-0.377562738,FALSE,54,-1.630872837
814,14,14,1.285709236,FALSE,29,-1.630872837
815,0,3,-0.377562738,FALSE,12,0.057401321
816,0,17,-1.209198725,FALSE,95,1.74567548
817,11,4,1.285709236,FALSE,64,-1.630872837
818,9,19,-0.377562738,FALSE,89,-1.630872837
819,12,5,-1.209198725,FALSE,72,0.057401321
820,0,15,1.285709236,FALSE,52,0.057401321
821,5,21,-0.377562738,FALSE,33,0.057401321
822,16,0,1.285709236,FALSE,79,0.057401321
823,7,17,-0.377562738,FALSE,38,0.057401321
824,0,12,-1.209198725,FALSE,68,0.057401321
825,15,11,1.285709236,FALSE,43,0.057401321
826,4,7,-0.377562738,FALSE,5,1.74567548
827,8,5,-1.209198725,FALSE,85,0.057401321
828,3,13,-0.377562738,FALSE,15,0.057401321
829,0,8,1.285709236,FALSE,1,0.057401321
830,5,18,-1.209198725,FALSE,61,0.057401321
831,12,6,-0.377562738,FALSE,78,0.057401321
832,0,2,1.285709236,FALSE,91,0.057401321
833,0,10,-0.377562738,FALSE,80,1.74567548
834,7,1,1.285709236,FALSE,36,0.057401321
835,6,16,-0.377562738,FALSE,22,0.057401321
836,14,14,1.285709236,FALSE,27,-1.630872837
837,0,3,-0.377562738,FALSE,10,0.057401321
838,0,17,-1.209198725,FALSE,97,1.74567548
839,11,4,1.285709236,FALSE,58,-1.630872837
840,9,19,-0.377562738,FALSE,7,-1.630872837
841,12,6,1.285709236,FALSE,73,0.057401321
842,2,7,-1.209198725,FALSE,24,1.74567548
843,0,15,-0.377562738,FALSE,49,1.74567548
844,5,21,-1.209198725,FALSE,47,0.057401321
845,0,12,-0.377562738,FALSE,66,0.057401321
846,15,11,1.285709236,FALSE,39,0.057401321
847,3,13,-0.377562738,FALSE,19,-1.630872837
848,0,8,1.285709236,FALSE,2,0.057401321
849,5,18,-1.209198725,FALSE,62,0.057401321
850,0,2,-0.377562738,FALSE,92,0.057401321
851,0,10,-1.209198725,FALSE,83,0.057401321
852,7,1,1.285709236,FALSE,44,0.057401321
853,6,16,-0.377562738,FALSE,54,-1.630872837
854,14,14,1.285709236,FALSE,29,-1.630872837
855,0,3,-0.377562738,FALSE,12,0.057401321
856,0,17,-1.209198725,FALSE,95,1.74567548
857,11,4,1.285709236,FALSE,64,-1.630872837
858,9,19,-0.377562738,FALSE,89,-1.630872837
859,12,5,-1.209198725,FALSE,72,0.057401321
860,0,15,1.285709236,FALSE,52,0.057401321
861,5,21,-0.377562738,FALSE,33,0.057401321
862,16,0,1.285709236,FALSE,79,0.057401321
863,7,17,-0.377562738,FALSE,38,0.057401321
864,0,12,-1.209198725,FALSE,68,0.057401321
865,15,11,1.285709236,FALSE,43,0.057401321
866,4,7,-0.377562738,FALSE,5,1.74567548
867,8,5,-1.209198725,FALSE,85,0.057401321
868,3,13,-0.377562738,FALSE,15,0.057401321
869,0,8,1.285709236,FALSE,1,0.057401321
870,5,18,-1.209198725,FALSE,61,0.057401321
871,12,6,-0.377562738,FALSE,78,0.057401321
872,0,2,1.285709236,FALSE,91,0.057401321
873,0,10,-0.377562738,FALSE,80,1.74567548
874,7,1,1.285709236,FALSE,36,0.057401321
875,6,16,-0.377562738,FALSE,22,0.057401321
876,14,14,1.285709236,FALSE,27,-1.630872837
877,0,3,-0.377562738,FALSE,10,0.057401321
878,0,17,-1.209198725,FALSE,97,1.74567548
879,11,4,1.285709236,FALSE,58,-1.630872837
880,9,19,-0.377562738,FALSE,7,-1.630872837
881,12,6,1.285709236,FALSE,73,0.057401321
882,2,7,-1.209198725,FALSE,24,1.74567548
883,0,15,-0.377562738,FALSE,49,1.74567548
884,5,21,-1.209198725,FALSE,47,0.057401321
885,0,12,-0.377562738,FALSE,66,0.057401321
886,15,11,1.285709236,FALSE,39,0.057401321
887,3,13,-0.377562738,FALSE,19,-1.630872837
888,0,8,1.285709236,FALSE,2,0.057401321
889,5,18,-1.209198725,FALSE,62,0.057401321
890,0,2,-0.377562738,FALSE,92,0.057401321
891,0,10,-1.209198725,FALSE,83,0.057401321
892,7,1,1.285709236,FALSE,44,0.057401321
893,6,16,-0.377562738,FALSE,54,-1.630872837
894,14,14,1.285709236,FALSE,29,-1.630872837
895,0,3,-0.377562738,FALSE,12,0.057401321
896,0,17,-1.209198725,FALSE,95,1.74567548
897,11,4,1.285709236,FALSE,64,-1.630872837
898,9,19,-0.377562738,FALSE,89,-1.630872837
899,12,5,-1.209198725,FALSE,72,0.057401321
900,0,15,1.285709236,FALSE,52,0.057401321
901,5,21,-0.377562738,FALSE,33,0.057401321
902,16,0,1.285709236,FALSE,79,0.057401321
903,7,17,-0.377562738,FALSE,38,0.057401321
904,0,12,-1.209198725,FALSE,68,0.057401321
905,15,11,1.285709236,FALSE,43,0.057401321
906,4,7,-0.377562738,FALSE,5,1.74567548
907,8,5,-1.209198725,FALSE,85,0.057401321
908,3,13,-0.377562738,FALSE,15,0.057401321
909,0,8,1.285709236,FALSE,1,0.057401321
910,5,18,-1.209198725,FALSE,61,0.057401321
911,12,6,-0.377562738,FALSE,78,0.057401321
912,0,2,1.285709236,FALSE,91,0.057401321
913,0,10,-0.377562738,FALSE,80,1.74567548
914,7,1,1.285709236,FALSE,36,0.057401321
915,6,16,-0.377562738,FALSE,22,0.057401321
916,14,14,1.285709236,FALSE,27,-1.630872837
917,0,3,-0.377562738,FALSE,10,0.057401321
918,0,17,-1.209198725,FALSE,97,1.74567548
919,11,4,1.285709236,FALSE,58,-1.630872837
920,9,19,-0.377562738,FALSE,7,-1.630872837
921,12,6,1.285709236,FALSE,73,0.057401321
922,2,7,-1.209198725,FALSE,24,1.74567548
923,0,15,-0.377562738,FALSE,49,1.74567548
924,5,21,-1.209198725,FALSE,47,0.057401321
925,0,12,-0.377562738,FALSE,66,0.057401321
926,15,11,1.285709236,FALSE,39,0.057401321
927,3,13,-0.377562738,FALSE,19,-1.630872837
928,0,8,1.285709236,FALSE,2,0.057401321
929,5,18,-1.209198725,FALSE,62,0.057401321
930,0,2,-0.377562738,FALSE,92,0.057401321
931,0,10,-1.209198725,FALSE,83,0.057401321
932,7,1,1.285709236,FALSE,44,0.057401321
933,6,16,-0.377562738,FALSE,54,-1.630872837
934,14,14,1.285709236,FALSE,29,-1.630872837
935,0,3,-0.377562738,FALSE,12,0.057401321
936,0,17,-1.209198725,FALSE,95,1.74567548
937,11,4,1.285709236,FALSE,64,-1.630872837
938,9,19,-0.377562738,FALSE,89,-1.630872837
939,12,5,-1.209198725,FALSE,72,0.057401321
940,0,15,1.285709236,FALSE,52,0.057401321
941,5,21,-0.377562738,FALSE,33,0.057401321
942,16,0,1.285709236,FALSE,79,0.057401321
943,7,17,-0.377562738,FALSE,38,0.057401321
944,0,12,-1.209198725,FALSE,68,0.057401321
945,15,11,1.285709236,FALSE,43,0.057401321
946,4,7,-0.377562738,FALSE,5,1.74567548
947,8,5,-1.209198725,FALSE,85,0.057401321
948,3,13,-0.377562738,FALSE,15,0.057401321
949,0,8,1.285709236,FALSE,1,0.057401321
950,5,18,-1.209198725,FALSE,61,0.057401321
951,12,6,-0.377562738,FALSE,78,0.057401321
952,0,2,1.285709236,FALSE,91,0.057401321
953,0,10,-0.377562738,FALSE,80,1.74567548
954,7,1,1.285709236,FALSE,36,0.057401321
955,6,16,-0.377562738,FALSE,22,0.057401321
956,14,14,1.285709236,FALSE,27,-1.630872837
957,0,3,-0.377562738,FALSE,10,0.057401321
958,0,17,-1.209198725,FALSE,97,1.74567548
959,11,4,1.285709236,FALSE,58,-1.630872837
960,9,19,-0.377562738,FALSE,7,-1.630872837
961,12,6,1.285709236,FALSE,73,0.057401321
962,2,7,-1.209198725,FALSE,24,1.74567548
963,0,15,-0.377562738,FALSE,49,1.74567548
964,5,21,-1.209198725,FALSE,47,0.057401321
965,0,12,-0.377562738,FALSE,66,0.057401321
966,15,11,1.285709236,FALSE,39,0.057401321
967,3,13,-0.377562738,FALSE,19,-1.630872837
968,0,8,1.285709236,FALSE,2,0.057401321
969,5,18,-1.209198725,FALSE,62,0.057401321
970,0,2,-0.377562738,FALSE,92,0.057401321
971,0,10,-1.209198725,FALSE,83,0.057401321
972,7,1,1.285709236,FALSE,44,0.057401321
973,6,16,-0.377562738,FALSE,54,-1.630872837
974,14,14,1.285709236,FALSE,29,-1.630872837
975,0,3,-0.377562738,FALSE,12,0.057401321
976,0,17,-1.209198725,FALSE,95,1.74567548
977,11,4,1.285709236,FALSE,64,-1.630872837
978,9,19,-0.377562738,FALSE,89,-1.630872837
979,12,5,-1.209198725,FALSE,72,0.057401321
980,0,15,1.285709236,FALSE,52,0.057401321
981,5,21,-0.377562738,FALSE,33,0.057401321
982,16,0,1.285709236,FALSE,79,0.057401321
983,7,17,-0.377562738,FALSE,38,0.057401321
984,0,12,-1.209198725,FALSE,68,0.057401321
985,15,11,1.285709236,FALSE,43,0.057401321
986,4,7,-0.377562738,FALSE,5,1.74567548
987,8,5,-1.209198725,FALSE,85,0.057401321
988,3,13,-0.377562738,FALSE,15,0.057401321
989,0,8,1.285709236,FALSE,1,0.057401321
990,5,18,-1.209198725,FALSE,61,0.057401321
991,12,6,-0.377562738,FALSE,78,0.057401321
992,0,2,1.285709236,FALSE,91,0.057401321
993,0,10,-0.377562738,FALSE,80,1.74567548
994,7,1,1.285709236,FALSE,36,0.057401321
995,6,16,-0.377562738,FALSE,22,0.057401321
996,14,14,1.285709236,FALSE,27,-1.630872837
997,0,3,-0.377562738,FALSE,10,0.057401321
998,0,17,-1.209198725,FALSE,97,1.74567548
999,11,4,1.285709236,FALSE,58,-1.630872837
1000,9,19,-0.377562738,FALSE,7,-1.630872837
