candidate_id,qualification,experience_level,job_role,experience_years,experience_years_filled,experience_was_missing,qualification_course,skills_list,num_skills
1,12,2,6,1.2857092357921338,7,FALSE,1,74,1.7456754802713697
2,0,1,10,-0.377562738,3,FALSE,0,32,1.7456754802713697
3,7,2,1,1.2857092357921338,7,FALSE,0,45,1.7456754802713697
4,2,0,7,-1.209198725,1,FALSE,0,23,1.7456754802713697
5,10,1,12,-0.377562738,3,FALSE,1,65,1.7456754802713697
6,13,2,9,1.2857092357921338,7,FALSE,1,25,0.057401321401572766
7,3,1,13,-0.377562738,3,FALSE,0,18,0.057401321401572766
8,0,2,8,1.2857092357921338,7,FALSE,0,48,3.4339496391411664
9,7,1,11,-0.377562738,3,FALSE,0,40,0.057401321401572766
10,0,0,2,-1.209198725,1,FALSE,0,90,0.057401321401572766
11,6,1,16,-0.377562738,3,FALSE,0,55,0.057401321401572766
12,14,2,14,1.2857092357921338,7,FALSE,1,84,0.057401321401572766
13,0,1,3,-0.377562738,3,FALSE,0,11,0.057401321401572766
14,5,0,18,-1.209198725,1,FALSE,0,61,0.057401321401572766
15,0,1,17,-0.377562738,3,FALSE,0,94,1.7456754802713697
16,1,2,4,1.2857092357921338,7,FALSE,0,59,-1.630872837
17,9,2,19,1.2857092357921338,7,FALSE,1,8,0.057401321401572766
18,3,0,20,-1.209198725,1,FALSE,0,14,0.057401321401572766
19,12,1,5,-0.377562738,3,FALSE,1,71,0.057401321401572766
20,0,2,15,1.2857092357921338,7,FALSE,0,53,0.057401321401572766
21,0,1,21,-0.377562738,3,FALSE,0,31,1.7456754802713697
22,16,2,0,1.2857092357921338,7,FALSE,2,70,0.057401321401572766
23,7,1,17,-0.377562738,3,FALSE,0,34,0.057401321401572766
24,0,0,12,-1.209198725,1,FALSE,0,67,0.057401321401572766
25,15,2,11,1.2857092357921338,7,FALSE,1,42,0.057401321401572766
26,4,1,7,-0.377562738,3,FALSE,0,3,1.7456754802713697
27,8,0,5,-1.209198725,1,FALSE,0,87,0.057401321401572766
28,3,1,13,-0.377562738,3,FALSE,0,13,0.057401321401572766
29,0,2,8,1.2857092357921338,7,FALSE,0,0,0.057401321401572766
30,5,0,18,-1.209198725,1,FALSE,0,63,0.057401321401572766
31,12,1,6,-0.377562738,3,FALSE,1,76,0.057401321401572766
32,0,2,2,1.2857092357921338,7,FALSE,0,9,0.057401321401572766
33,0,1,10,-0.377562738,3,FALSE,0,80,1.7456754802713697
34,7,2,1,1.2857092357921338,7,FALSE,0,36,0.057401321401572766
35,6,1,16,-0.377562738,3,FALSE,0,20,0.057401321401572766
36,14,2,14,1.2857092357921338,7,FALSE,1,27,-1.630872837
37,0,1,3,-0.377562738,3,FALSE,0,10,0.057401321401572766
38,0,0,17,-1.209198725,1,FALSE,0,96,0.057401321401572766
39,11,2,4,1.2857092357921338,7,FALSE,1,58,-1.630872837
40,9,1,19,-0.377562738,3,FALSE,1,7,-1.630872837
41,12,2,6,1.2857092357921338,7,FALSE,1,73,0.057401321401572766
42,2,0,7,-1.209198725,1,FALSE,0,24,1.7456754802713697
43,0,1,15,-0.377562738,3,FALSE,0,49,1.7456754802713697
44,5,0,21,-1.209198725,1,FALSE,0,47,0.057401321401572766
45,0,1,12,-0.377562738,3,FALSE,0,66,0.057401321401572766
46,15,2,11,1.2857092357921338,7,FALSE,1,39,0.057401321401572766
47,3,1,13,-0.377562738,3,FALSE,0,19,-1.630872837
48,0,2,8,1.2857092357921338,7,FALSE,0,2,0.057401321401572766
49,5,0,18,-1.209198725,1,FALSE,0,62,0.057401321401572766
50,0,1,2,-0.377562738,3,FALSE,0,92,0.057401321401572766
51,0,0,10,-1.209198725,1,FALSE,0,83,0.057401321401572766
52,7,2,1,1.2857092357921338,7,FALSE,0,44,0.057401321401572766
53,6,1,16,-0.377562738,3,FALSE,0,54,-1.630872837
54,14,2,14,1.2857092357921338,7,FALSE,1,29,-1.630872837
55,0,1,3,-0.377562738,3,FALSE,0,12,0.057401321401572766
56,0,0,17,-1.209198725,1,FALSE,0,95,1.7456754802713697
57,11,2,4,1.2857092357921338,7,FALSE,1,64,-1.630872837
58,9,1,19,-0.377562738,3,FALSE,1,89,-1.630872837
59,12,0,5,-1.209198725,1,FALSE,1,72,0.057401321401572766
60,0,2,15,1.2857092357921338,7,FALSE,0,52,0.057401321401572766
61,5,1,21,-0.377562738,3,FALSE,0,33,0.057401321401572766
62,16,2,0,1.2857092357921338,7,FALSE,2,79,0.057401321401572766
63,7,1,17,-0.377562738,3,FALSE,0,38,0.057401321401572766
64,0,0,12,-1.209198725,1,FALSE,0,68,0.057401321401572766
65,15,2,11,1.2857092357921338,7,FALSE,1,43,0.057401321401572766
66,4,1,7,-0.377562738,3,FALSE,0,5,1.7456754802713697
67,8,0,5,-1.209198725,1,FALSE,0,85,0.057401321401572766
68,3,1,13,-0.377562738,3,FALSE,0,15,0.057401321401572766
69,0,2,8,1.2857092357921338,7,FALSE,0,1,0.057401321401572766
70,5,0,18,-1.209198725,1,FALSE,0,61,0.057401321401572766
71,12,1,6,-0.377562738,3,FALSE,1,78,0.057401321401572766
72,0,2,2,1.2857092357921338,7,FALSE,0,91,0.057401321401572766
73,0,1,10,-0.377562738,3,FALSE,0,80,1.7456754802713697
74,7,2,1,1.2857092357921338,7,FALSE,0,36,0.057401321401572766
75,6,1,16,-0.377562738,3,FALSE,0,22,0.057401321401572766
76,14,2,14,1.2857092357921338,7,FALSE,1,27,-1.630872837
77,0,1,3,-0.377562738,3,FALSE,0,10,0.057401321401572766
78,0,0,17,-1.209198725,1,FALSE,0,97,1.7456754802713697
79,11,2,4,1.2857092357921338,7,FALSE,1,58,-1.630872837
80,9,1,19,-0.377562738,3,FALSE,1,7,-1.630872837
81,12,2,6,1.2857092357921338,7,FALSE,1,73,0.057401321401572766
82,2,0,7,-1.209198725,1,FALSE,0,24,1.7456754802713697
83,0,1,15,-0.377562738,3,FALSE,0,49,1.7456754802713697
84,5,0,21,-1.209198725,1,FALSE,0,47,0.057401321401572766
85,0,1,12,-0.377562738,3,FALSE,0,66,0.057401321401572766
86,15,2,11,1.2857092357921338,7,FALSE,1,39,0.057401321401572766
87,3,1,13,-0.377562738,3,FALSE,0,19,-1.630872837
88,0,2,8,1.2857092357921338,7,FALSE,0,2,0.057401321401572766
89,5,0,18,-1.209198725,1,FALSE,0,62,0.057401321401572766
90,0,1,2,-0.377562738,3,FALSE,0,92,0.057401321401572766
91,0,0,10,-1.209198725,1,FALSE,0,83,0.057401321401572766
92,7,2,1,1.2857092357921338,7,FALSE,0,44,0.057401321401572766
93,6,1,16,-0.377562738,3,FALSE,0,54,-1.630872837
94,14,2,14,1.2857092357921338,7,FALSE,1,29,-1.630872837
95,0,1,3,-0.377562738,3,FALSE,0,12,0.057401321401572766
96,0,0,17,-1.209198725,1,FALSE,0,95,1.7456754802713697
97,11,2,4,1.2857092357921338,7,FALSE,1,64,-1.630872837
98,9,1,19,-0.377562738,3,FALSE,1,89,-1.630872837
99,12,0,5,-1.209198725,1,FALSE,1,72,0.057401321401572766
100,0,2,15,1.2857092357921338,7,FALSE,0,52,0.057401321401572766
101,5,1,21,-0.377562738,3,FALSE,0,33,0.057401321401572766
102,16,2,0,1.2857092357921338,7,FALSE,2,79,0.057401321401572766
103,7,1,17,-0.377562738,3,FALSE,0,38,0.057401321401572766
104,0,0,12,-1.209198725,1,FALSE,0,68,0.057401321401572766
105,15,2,11,1.2857092357921338,7,FALSE,1,43,0.057401321401572766
106,4,1,7,-0.377562738,3,FALSE,0,5,1.7456754802713697
107,8,0,5,-1.209198725,1,FALSE,0,85,0.057401321401572766
108,3,1,13,-0.377562738,3,FALSE,0,15,0.057401321401572766
109,0,2,8,1.2857092357921338,7,FALSE,0,1,0.057401321401572766
110,5,0,18,-1.209198725,1,FALSE,0,61,0.057401321401572766
111,12,1,6,-0.377562738,3,FALSE,1,78,0.057401321401572766
112,0,2,2,1.2857092357921338,7,FALSE,0,91,0.057401321401572766
113,0,1,10,-0.377562738,3,FALSE,0,80,1.7456754802713697
114,7,2,1,1.2857092357921338,7,FALSE,0,36,0.057401321401572766
115,6,1,16,-0.377562738,3,FALSE,0,22,0.057401321401572766
116,14,2,14,1.2857092357921338,7,FALSE,1,27,-1.630872837
117,0,1,3,-0.377562738,3,FALSE,0,10,0.057401321401572766
118,0,0,17,-1.209198725,1,FALSE,0,97,1.7456754802713697
119,11,2,4,1.2857092357921338,7,FALSE,1,58,-1.630872837
120,9,1,19,-0.377562738,3,FALSE,1,7,-1.630872837
121,12,2,6,1.2857092357921338,7,FALSE,1,73,0.057401321401572766
122,2,0,7,-1.209198725,1,FALSE,0,24,1.7456754802713697
123,0,1,15,-0.377562738,3,FALSE,0,49,1.7456754802713697
124,5,0,21,-1.209198725,1,FALSE,0,47,0.057401321401572766
125,0,1,12,-0.377562738,3,FALSE,0,66,0.057401321401572766
126,15,2,11,1.2857092357921338,7,FALSE,1,39,0.057401321401572766
127,3,1,13,-0.377562738,3,FALSE,0,19,-1.630872837
128,0,2,8,1.2857092357921338,7,FALSE,0,2,0.057401321401572766
129,5,0,18,-1.209198725,1,FALSE,0,62,0.057401321401572766
130,0,1,2,-0.377562738,3,FALSE,0,92,0.057401321401572766
131,0,0,10,-1.209198725,1,FALSE,0,83,0.057401321401572766
132,7,2,1,1.2857092357921338,7,FALSE,0,44,0.057401321401572766
133,6,1,16,-0.377562738,3,FALSE,0,54,-1.630872837
134,14,2,14,1.2857092357921338,7,FALSE,1,29,-1.630872837
135,0,1,3,-0.377562738,3,FALSE,0,12,0.057401321401572766
136,0,0,17,-1.209198725,1,FALSE,0,95,1.7456754802713697
137,11,2,4,1.2857092357921338,7,FALSE,1,64,-1.630872837
138,9,1,19,-0.377562738,3,FALSE,1,89,-1.630872837
139,12,0,5,-1.209198725,1,FALSE,1,72,0.057401321401572766
140,0,2,15,1.2857092357921338,7,FALSE,0,52,0.057401321401572766
141,5,1,21,-0.377562738,3,FALSE,0,33,0.057401321401572766
142,16,2,0,1.2857092357921338,7,FALSE,2,79,0.057401321401572766
143,7,1,17,-0.377562738,3,FALSE,0,38,0.057401321401572766
144,0,0,12,-1.209198725,1,FALSE,0,68,0.057401321401572766
145,15,2,11,1.2857092357921338,7,FALSE,1,43,0.057401321401572766
146,4,1,7,-0.377562738,3,FALSE,0,5,1.7456754802713697
147,8,0,5,-1.209198725,1,FALSE,0,85,0.057401321401572766
148,3,1,13,-0.377562738,3,FALSE,0,15,0.057401321401572766
149,0,2,8,1.2857092357921338,7,FALSE,0,1,0.057401321401572766
150,5,0,18,-1.209198725,1,FALSE,0,61,0.057401321401572766
151,12,1,6,-0.377562738,3,FALSE,1,78,0.057401321401572766
152,0,2,2,1.2857092357921338,7,FALSE,0,91,0.057401321401572766
153,0,1,10,-0.377562738,3,FALSE,0,80,1.7456754802713697
154,7,2,1,1.2857092357921338,7,FALSE,0,36,0.057401321401572766
155,6,1,16,-0.377562738,3,FALSE,0,22,0.057401321401572766
156,14,2,14,1.2857092357921338,7,FALSE,1,27,-1.630872837
157,0,1,3,-0.377562738,3,FALSE,0,10,0.057401321401572766
158,0,0,17,-1.209198725,1,FALSE,0,97,1.7456754802713697
159,11,2,4,1.2857092357921338,7,FALSE,1,58,-1.630872837
160,9,1,19,-0.377562738,3,FALSE,1,7,-1.630872837
161,12,2,6,1.2857092357921338,7,FALSE,1,73,0.057401321401572766
162,2,0,7,-1.209198725,1,FALSE,0,24,1.7456754802713697
163,0,1,15,-0.377562738,3,FALSE,0,49,1.7456754802713697
164,5,0,21,-1.209198725,1,FALSE,0,47,0.057401321401572766
165,0,1,12,-0.377562738,3,FALSE,0,66,0.057401321401572766
166,15,2,11,1.2857092357921338,7,FALSE,1,39,0.057401321401572766
167,3,1,13,-0.377562738,3,FALSE,0,19,-1.630872837
168,0,2,8,1.2857092357921338,7,FALSE,0,2,0.057401321401572766
169,5,0,18,-1.209198725,1,FALSE,0,62,0.057401321401572766
170,0,1,2,-0.377562738,3,FALSE,0,92,0.057401321401572766
171,0,0,10,-1.209198725,1,FALSE,0,83,0.057401321401572766
172,7,2,1,1.2857092357921338,7,FALSE,0,44,0.057401321401572766
173,6,1,16,-0.377562738,3,FALSE,0,54,-1.630872837
174,14,2,14,1.2857092357921338,7,FALSE,1,29,-1.630872837
175,0,1,3,-0.377562738,3,FALSE,0,12,0.057401321401572766
176,0,0,17,-1.209198725,1,FALSE,0,95,1.7456754802713697
177,11,2,4,1.2857092357921338,7,FALSE,1,64,-1.630872837
178,9,1,19,-0.377562738,3,FALSE,1,89,-1.630872837
179,12,0,5,-1.209198725,1,FALSE,1,72,0.057401321401572766
180,0,2,15,1.2857092357921338,7,FALSE,0,52,0.057401321401572766
181,5,1,21,-0.377562738,3,FALSE,0,33,0.057401321401572766
182,16,2,0,1.2857092357921338,7,FALSE,2,79,0.057401321401572766
183,7,1,17,-0.377562738,3,FALSE,0,38,0.057401321401572766
184,0,0,12,-1.209198725,1,FALSE,0,68,0.057401321401572766
185,15,2,11,1.2857092357921338,7,FALSE,1,43,0.057401321401572766
186,4,1,7,-0.377562738,3,FALSE,0,5,1.7456754802713697
187,8,0,5,-1.209198725,1,FALSE,0,85,0.057401321401572766
188,3,1,13,-0.377562738,3,FALSE,0,15,0.057401321401572766
189,0,2,8,1.2857092357921338,7,FALSE,0,1,0.057401321401572766
190,5,0,18,-1.209198725,1,FALSE,0,61,0.057401321401572766
191,12,1,6,-0.377562738,3,FALSE,1,78,0.057401321401572766
192,0,2,2,1.2857092357921338,7,FALSE,0,91,0.057401321401572766
193,0,1,10,-0.377562738,3,FALSE,0,80,1.7456754802713697
194,7,2,1,1.2857092357921338,7,FALSE,0,36,0.057401321401572766
195,6,1,16,-0.377562738,3,FALSE,0,22,0.057401321401572766
196,14,2,14,1.2857092357921338,7,FALSE,1,27,-1.630872837
197,0,1,3,-0.377562738,3,FALSE,0,10,0.057401321401572766
198,0,0,17,-1.209198725,1,FALSE,0,97,1.7456754802713697
199,11,2,4,1.2857092357921338,7,FALSE,1,58,-1.630872837
200,9,1,19,-0.377562738,3,FALSE,1,7,-1.630872837
201,12,2,6,1.2857092357921338,7,FALSE,1,73,0.057401321401572766
202,2,0,7,-1.209198725,1,FALSE,0,24,1.7456754802713697
203,0,1,15,-0.377562738,3,FALSE,0,49,1.7456754802713697
204,5,0,21,-1.209198725,1,FALSE,0,47,0.057401321401572766
205,0,1,12,-0.377562738,3,FALSE,0,66,0.057401321401572766
206,15,2,11,1.2857092357921338,7,FALSE,1,39,0.057401321401572766
207,3,1,13,-0.377562738,3,FALSE,0,19,-1.630872837
208,0,2,8,1.2857092357921338,7,FALSE,0,2,0.057401321401572766
209,5,0,18,-1.209198725,1,FALSE,0,62,0.057401321401572766
210,0,1,2,-0.377562738,3,FALSE,0,92,0.057401321401572766
211,0,0,10,-1.209198725,1,FALSE,0,83,0.057401321401572766
212,7,2,1,1.2857092357921338,7,FALSE,0,44,0.057401321401572766
213,6,1,16,-0.377562738,3,FALSE,0,54,-1.630872837
214,14,2,14,1.2857092357921338,7,FALSE,1,29,-1.630872837
215,0,1,3,-0.377562738,3,FALSE,0,12,0.057401321401572766
216,0,0,17,-1.209198725,1,FALSE,0,95,1.7456754802713697
217,11,2,4,1.2857092357921338,7,FALSE,1,64,-1.630872837
218,9,1,19,-0.377562738,3,FALSE,1,89,-1.630872837
219,12,0,5,-1.209198725,1,FALSE,1,72,0.057401321401572766
220,0,2,15,1.2857092357921338,7,FALSE,0,52,0.057401321401572766
221,5,1,21,-0.377562738,3,FALSE,0,33,0.057401321401572766
222,16,2,0,1.2857092357921338,7,FALSE,2,79,0.057401321401572766
223,7,1,17,-0.377562738,3,FALSE,0,38,0.057401321401572766
224,0,0,12,-1.209198725,1,FALSE,0,68,0.057401321401572766
225,15,2,11,1.2857092357921338,7,FALSE,1,43,0.057401321401572766
226,4,1,7,-0.377562738,3,FALSE,0,5,1.7456754802713697
227,8,0,5,-1.209198725,1,FALSE,0,85,0.057401321401572766
228,3,1,13,-0.377562738,3,FALSE,0,15,0.057401321401572766
229,0,2,8,1.2857092357921338,7,FALSE,0,1,0.057401321401572766
230,5,0,18,-1.209198725,1,FALSE,0,61,0.057401321401572766
231,12,1,6,-0.377562738,3,FALSE,1,78,0.057401321401572766
232,0,2,2,1.2857092357921338,7,FALSE,0,91,0.057401321401572766
233,0,1,10,-0.377562738,3,FALSE,0,80,1.7456754802713697
234,7,2,1,1.2857092357921338,7,FALSE,0,36,0.057401321401572766
235,6,1,16,-0.377562738,3,FALSE,0,22,0.057401321401572766
236,14,2,14,1.2857092357921338,7,FALSE,1,27,-1.630872837
237,0,1,3,-0.377562738,3,FALSE,0,10,0.057401321401572766
238,0,0,17,-1.209198725,1,FALSE,0,97,1.7456754802713697
239,11,2,4,1.2857092357921338,7,FALSE,1,58,-1.630872837
240,9,1,19,-0.377562738,3,FALSE,1,7,-1.630872837
241,12,2,6,1.2857092357921338,7,FALSE,1,73,0.057401321401572766
242,2,0,7,-1.209198725,1,FALSE,0,24,1.7456754802713697
243,0,1,15,-0.377562738,3,FALSE,0,49,1.7456754802713697
244,5,0,21,-1.209198725,1,FALSE,0,47,0.057401321401572766
245,0,1,12,-0.377562738,3,FALSE,0,66,0.057401321401572766
246,15,2,11,1.2857092357921338,7,FALSE,1,39,0.057401321401572766
247,3,1,13,-0.377562738,3,FALSE,0,19,-1.630872837
248,0,2,8,1.2857092357921338,7,FALSE,0,2,0.057401321401572766
249,5,0,18,-1.209198725,1,FALSE,0,62,0.057401321401572766
250,0,1,2,-0.377562738,3,FALSE,0,92,0.057401321401572766
251,0,0,10,-1.209198725,1,FALSE,0,83,0.057401321401572766
252,7,2,1,1.2857092357921338,7,FALSE,0,44,0.057401321401572766
253,6,1,16,-0.377562738,3,FALSE,0,54,-1.630872837
254,14,2,14,1.2857092357921338,7,FALSE,1,29,-1.630872837
255,0,1,3,-0.377562738,3,FALSE,0,12,0.057401321401572766
256,0,0,17,-1.209198725,1,FALSE,0,95,1.7456754802713697
257,11,2,4,1.2857092357921338,7,FALSE,1,64,-1.630872837
258,9,1,19,-0.377562738,3,FALSE,1,89,-1.630872837
259,12,0,5,-1.209198725,1,FALSE,1,72,0.057401321401572766
260,0,2,15,1.2857092357921338,7,FALSE,0,52,0.057401321401572766
261,5,1,21,-0.377562738,3,FALSE,0,33,0.057401321401572766
262,16,2,0,1.2857092357921338,7,FALSE,2,79,0.057401321401572766
263,7,1,17,-0.377562738,3,FALSE,0,38,0.057401321401572766
264,0,0,12,-1.209198725,1,FALSE,0,68,0.057401321401572766
265,15,2,11,1.2857092357921338,7,FALSE,1,43,0.057401321401572766
266,4,1,7,-0.377562738,3,FALSE,0,5,1.7456754802713697
267,8,0,5,-1.209198725,1,FALSE,0,85,0.057401321401572766
268,3,1,13,-0.377562738,3,FALSE,0,15,0.057401321401572766
269,0,2,8,1.2857092357921338,7,FALSE,0,1,0.057401321401572766
270,5,0,18,-1.209198725,1,FALSE,0,61,0.057401321401572766
271,12,1,6,-0.377562738,3,FALSE,1,78,0.057401321401572766
272,0,2,2,1.2857092357921338,7,FALSE,0,91,0.057401321401572766
273,0,1,10,-0.377562738,3,FALSE,0,80,1.7456754802713697
274,7,2,1,1.2857092357921338,7,FALSE,0,36,0.057401321401572766
275,6,1,16,-0.377562738,3,FALSE,0,22,0.057401321401572766
276,14,2,14,1.2857092357921338,7,FALSE,1,27,-1.630872837
277,0,1,3,-0.377562738,3,FALSE,0,10,0.057401321401572766
278,0,0,17,-1.209198725,1,FALSE,0,97,1.7456754802713697
279,11,2,4,1.2857092357921338,7,FALSE,1,58,-1.630872837
280,9,1,19,-0.377562738,3,FALSE,1,7,-1.630872837
281,12,2,6,1.2857092357921338,7,FALSE,1,73,0.057401321401572766
282,2,0,7,-1.209198725,1,FALSE,0,24,1.7456754802713697
283,0,1,15,-0.377562738,3,FALSE,0,49,1.7456754802713697
284,5,0,21,-1.209198725,1,FALSE,0,47,0.057401321401572766
285,0,1,12,-0.377562738,3,FALSE,0,66,0.057401321401572766
286,15,2,11,1.2857092357921338,7,FALSE,1,39,0.057401321401572766
287,3,1,13,-0.377562738,3,FALSE,0,19,-1.630872837
288,0,2,8,1.2857092357921338,7,FALSE,0,2,0.057401321401572766
289,5,0,18,-1.209198725,1,FALSE,0,62,0.057401321401572766
290,0,1,2,-0.377562738,3,FALSE,0,92,0.057401321401572766
291,0,0,10,-1.209198725,1,FALSE,0,83,0.057401321401572766
292,7,2,1,1.2857092357921338,7,FALSE,0,44,0.057401321401572766
293,6,1,16,-0.377562738,3,FALSE,0,54,-1.630872837
294,14,2,14,1.2857092357921338,7,FALSE,1,29,-1.630872837
295,0,1,3,-0.377562738,3,FALSE,0,12,0.057401321401572766
296,0,0,17,-1.209198725,1,FALSE,0,95,1.7456754802713697
297,11,2,4,1.2857092357921338,7,FALSE,1,64,-1.630872837
298,9,1,19,-0.377562738,3,FALSE,1,89,-1.630872837
299,12,0,5,-1.209198725,1,FALSE,1,72,0.057401321401572766
300,0,2,15,1.2857092357921338,7,FALSE,0,52,0.057401321401572766
301,5,1,21,-0.377562738,3,FALSE,0,33,0.057401321401572766
302,16,2,0,1.2857092357921338,7,FALSE,2,79,0.057401321401572766
303,7,1,17,-0.377562738,3,FALSE,0,38,0.057401321401572766
304,0,0,12,-1.209198725,1,FALSE,0,68,0.057401321401572766
305,15,2,11,1.2857092357921338,7,FALSE,1,43,0.057401321401572766
306,4,1,7,-0.377562738,3,FALSE,0,5,1.7456754802713697
307,8,0,5,-1.209198725,1,FALSE,0,85,0.057401321401572766
308,3,1,13,-0.377562738,3,FALSE,0,15,0.057401321401572766
309,0,2,8,1.2857092357921338,7,FALSE,0,1,0.057401321401572766
310,5,0,18,-1.209198725,1,FALSE,0,61,0.057401321401572766
311,12,1,6,-0.377562738,3,FALSE,1,78,0.057401321401572766
312,0,2,2,1.2857092357921338,7,FALSE,0,91,0.057401321401572766
313,0,1,10,-0.377562738,3,FALSE,0,80,1.7456754802713697
314,7,2,1,1.2857092357921338,7,FALSE,0,36,0.057401321401572766
315,6,1,16,-0.377562738,3,FALSE,0,22,0.057401321401572766
316,14,2,14,1.2857092357921338,7,FALSE,1,27,-1.630872837
317,0,1,3,-0.377562738,3,FALSE,0,10,0.057401321401572766
318,0,0,17,-1.209198725,1,FALSE,0,97,1.7456754802713697
319,11,2,4,1.2857092357921338,7,FALSE,1,58,-1.630872837
320,9,1,19,-0.377562738,3,FALSE,1,7,-1.630872837
321,12,2,6,1.2857092357921338,7,FALSE,1,73,0.057401321401572766
322,2,0,7,-1.209198725,1,FALSE,0,24,1.7456754802713697
323,0,1,15,-0.377562738,3,FALSE,0,49,1.7456754802713697
324,5,0,21,-1.209198725,1,FALSE,0,47,0.057401321401572766
325,0,1,12,-0.377562738,3,FALSE,0,66,0.057401321401572766
326,15,2,11,1.2857092357921338,7,FALSE,1,39,0.057401321401572766
327,3,1,13,-0.377562738,3,FALSE,0,19,-1.630872837
328,0,2,8,1.2857092357921338,7,FALSE,0,2,0.057401321401572766
329,5,0,18,-1.209198725,1,FALSE,0,62,0.057401321401572766
330,0,1,2,-0.377562738,3,FALSE,0,92,0.057401321401572766
331,0,0,10,-1.209198725,1,FALSE,0,83,0.057401321401572766
332,7,2,1,1.2857092357921338,7,FALSE,0,44,0.057401321401572766
333,6,1,16,-0.377562738,3,FALSE,0,54,-1.630872837
334,14,2,14,1.2857092357921338,7,FALSE,1,29,-1.630872837
335,0,1,3,-0.377562738,3,FALSE,0,12,0.057401321401572766
336,0,0,17,-1.209198725,1,FALSE,0,95,1.7456754802713697
337,11,2,4,1.2857092357921338,7,FALSE,1,64,-1.630872837
338,9,1,19,-0.377562738,3,FALSE,1,89,-1.630872837
339,12,0,5,-1.209198725,1,FALSE,1,72,0.057401321401572766
340,0,2,15,1.2857092357921338,7,FALSE,0,52,0.057401321401572766
341,5,1,21,-0.377562738,3,FALSE,0,33,0.057401321401572766
342,16,2,0,1.2857092357921338,7,FALSE,2,79,0.057401321401572766
343,7,1,17,-0.377562738,3,FALSE,0,38,0.057401321401572766
344,0,0,12,-1.209198725,1,FALSE,0,68,0.057401321401572766
345,15,2,11,1.2857092357921338,7,FALSE,1,43,0.057401321401572766
346,4,1,7,-0.377562738,3,FALSE,0,5,1.7456754802713697
347,8,0,5,-1.209198725,1,FALSE,0,85,0.057401321401572766
348,3,1,13,-0.377562738,3,FALSE,0,15,0.057401321401572766
349,0,2,8,1.2857092357921338,7,FALSE,0,1,0.057401321401572766
350,5,0,18,-1.209198725,1,FALSE,0,61,0.057401321401572766
351,12,1,6,-0.377562738,3,FALSE,1,78,0.057401321401572766
352,0,2,2,1.2857092357921338,7,FALSE,0,91,0.057401321401572766
353,0,1,10,-0.377562738,3,FALSE,0,80,1.7456754802713697
354,7,2,1,1.2857092357921338,7,FALSE,0,36,0.057401321401572766
355,6,1,16,-0.377562738,3,FALSE,0,22,0.057401321401572766
356,14,2,14,1.2857092357921338,7,FALSE,1,27,-1.630872837
357,0,1,3,-0.377562738,3,FALSE,0,10,0.057401321401572766
358,0,0,17,-1.209198725,1,FALSE,0,97,1.7456754802713697
359,11,2,4,1.2857092357921338,7,FALSE,1,58,-1.630872837
360,9,1,19,-0.377562738,3,FALSE,1,7,-1.630872837
361,12,2,6,1.2857092357921338,7,FALSE,1,73,0.057401321401572766
362,2,0,7,-1.209198725,1,FALSE,0,24,1.7456754802713697
363,0,1,15,-0.377562738,3,FALSE,0,49,1.7456754802713697
364,5,0,21,-1.209198725,1,FALSE,0,47,0.057401321401572766
365,0,1,12,-0.377562738,3,FALSE,0,66,0.057401321401572766
366,15,2,11,1.2857092357921338,7,FALSE,1,39,0.057401321401572766
367,3,1,13,-0.377562738,3,FALSE,0,19,-1.630872837
368,0,2,8,1.2857092357921338,7,FALSE,0,2,0.057401321401572766
369,5,0,18,-1.209198725,1,FALSE,0,62,0.057401321401572766
370,0,1,2,-0.377562738,3,FALSE,0,92,0.057401321401572766
371,0,0,10,-1.209198725,1,FALSE,0,83,0.057401321401572766
372,7,2,1,1.2857092357921338,7,FALSE,0,44,0.057401321401572766
373,6,1,16,-0.377562738,3,FALSE,0,54,-1.630872837
374,14,2,14,1.2857092357921338,7,FALSE,1,29,-1.630872837
375,0,1,3,-0.377562738,3,FALSE,0,12,0.057401321401572766
376,0,0,17,-1.209198725,1,FALSE,0,95,1.7456754802713697
377,11,2,4,1.2857092357921338,7,FALSE,1,64,-1.630872837
378,9,1,19,-0.377562738,3,FALSE,1,89,-1.630872837
379,12,0,5,-1.209198725,1,FALSE,1,72,0.057401321401572766
380,0,2,15,1.2857092357921338,7,FALSE,0,52,0.057401321401572766
381,5,1,21,-0.377562738,3,FALSE,0,33,0.057401321401572766
382,16,2,0,1.2857092357921338,7,FALSE,2,79,0.057401321401572766
383,7,1,17,-0.377562738,3,FALSE,0,38,0.057401321401572766
384,0,0,12,-1.209198725,1,FALSE,0,68,0.057401321401572766
385,15,2,11,1.2857092357921338,7,FALSE,1,43,0.057401321401572766
386,4,1,7,-0.377562738,3,FALSE,0,5,1.7456754802713697
387,8,0,5,-1.209198725,1,FALSE,0,85,0.057401321401572766
388,3,1,13,-0.377562738,3,FALSE,0,15,0.057401321401572766
389,0,2,8,1.2857092357921338,7,FALSE,0,1,0.057401321401572766
390,5,0,18,-1.209198725,1,FALSE,0,61,0.057401321401572766
391,12,1,6,-0.377562738,3,FALSE,1,78,0.057401321401572766
392,0,2,2,1.2857092357921338,7,FALSE,0,91,0.057401321401572766
393,0,1,10,-0.377562738,3,FALSE,0,80,1.7456754802713697
394,7,2,1,1.2857092357921338,7,FALSE,0,36,0.057401321401572766
395,6,1,16,-0.377562738,3,FALSE,0,22,0.057401321401572766
396,14,2,14,1.2857092357921338,7,FALSE,1,27,-1.630872837
397,0,1,3,-0.377562738,3,FALSE,0,10,0.057401321401572766
398,0,0,17,-1.209198725,1,FALSE,0,97,1.7456754802713697
399,11,2,4,1.2857092357921338,7,FALSE,1,58,-1.630872837
400,9,1,19,-0.377562738,3,FALSE,1,7,-1.630872837
401,12,2,6,1.2857092357921338,7,FALSE,1,73,0.057401321401572766
402,2,0,7,-1.209198725,1,FALSE,0,24,1.7456754802713697
403,0,1,15,-0.377562738,3,FALSE,0,49,1.7456754802713697
404,5,0,21,-1.209198725,1,FALSE,0,47,0.057401321401572766
405,0,1,12,-0.377562738,3,FALSE,0,66,0.057401321401572766
406,15,2,11,1.2857092357921338,7,FALSE,1,39,0.057401321401572766
407,3,1,13,-0.377562738,3,FALSE,0,19,-1.630872837
408,0,2,8,1.2857092357921338,7,FALSE,0,2,0.057401321401572766
409,5,0,18,-1.209198725,1,FALSE,0,62,0.057401321401572766
410,0,1,2,-0.377562738,3,FALSE,0,92,0.057401321401572766
411,0,0,10,-1.209198725,1,FALSE,0,83,0.057401321401572766
412,7,2,1,1.2857092357921338,7,FALSE,0,44,0.057401321401572766
413,6,1,16,-0.377562738,3,FALSE,0,54,-1.630872837
414,14,2,14,1.2857092357921338,7,FALSE,1,29,-1.630872837
415,0,1,3,-0.377562738,3,FALSE,0,12,0.057401321401572766
416,0,0,17,-1.209198725,1,FALSE,0,95,1.7456754802713697
417,11,2,4,1.2857092357921338,7,FALSE,1,64,-1.630872837
418,9,1,19,-0.377562738,3,FALSE,1,89,-1.630872837
419,12,0,5,-1.209198725,1,FALSE,1,72,0.057401321401572766
420,0,2,15,1.2857092357921338,7,FALSE,0,52,0.057401321401572766
421,5,1,21,-0.377562738,3,FALSE,0,33,0.057401321401572766
422,16,2,0,1.2857092357921338,7,FALSE,2,79,0.057401321401572766
423,7,1,17,-0.377562738,3,FALSE,0,38,0.057401321401572766
424,0,0,12,-1.209198725,1,FALSE,0,68,0.057401321401572766
425,15,2,11,1.2857092357921338,7,FALSE,1,43,0.057401321401572766
426,4,1,7,-0.377562738,3,FALSE,0,5,1.7456754802713697
427,8,0,5,-1.209198725,1,FALSE,0,85,0.057401321401572766
428,3,1,13,-0.377562738,3,FALSE,0,15,0.057401321401572766
429,0,2,8,1.2857092357921338,7,FALSE,0,1,0.057401321401572766
430,5,0,18,-1.209198725,1,FALSE,0,61,0.057401321401572766
431,12,1,6,-0.377562738,3,FALSE,1,78,0.057401321401572766
432,0,2,2,1.2857092357921338,7,FALSE,0,91,0.057401321401572766
433,0,1,10,-0.377562738,3,FALSE,0,80,1.7456754802713697
434,7,2,1,1.2857092357921338,7,FALSE,0,36,0.057401321401572766
435,6,1,16,-0.377562738,3,FALSE,0,22,0.057401321401572766
436,14,2,14,1.2857092357921338,7,FALSE,1,27,-1.630872837
437,0,1,3,-0.377562738,3,FALSE,0,10,0.057401321401572766
438,0,0,17,-1.209198725,1,FALSE,0,97,1.7456754802713697
439,11,2,4,1.2857092357921338,7,FALSE,1,58,-1.630872837
440,9,1,19,-0.377562738,3,FALSE,1,7,-1.630872837
441,12,2,6,1.2857092357921338,7,FALSE,1,73,0.057401321401572766
442,2,0,7,-1.209198725,1,FALSE,0,24,1.7456754802713697
443,0,1,15,-0.377562738,3,FALSE,0,49,1.7456754802713697
444,5,0,21,-1.209198725,1,FALSE,0,47,0.057401321401572766
445,0,1,12,-0.377562738,3,FALSE,0,66,0.057401321401572766
446,15,2,11,1.2857092357921338,7,FALSE,1,39,0.057401321401572766
447,3,1,13,-0.377562738,3,FALSE,0,19,-1.630872837
448,0,2,8,1.2857092357921338,7,FALSE,0,2,0.057401321401572766
449,5,0,18,-1.209198725,1,FALSE,0,62,0.057401321401572766
450,0,1,2,-0.377562738,3,FALSE,0,92,0.057401321401572766
451,0,0,10,-1.209198725,1,FALSE,0,83,0.057401321401572766
452,7,2,1,1.2857092357921338,7,FALSE,0,44,0.057401321401572766
453,6,1,16,-0.377562738,3,FALSE,0,54,-1.630872837
454,14,2,14,1.2857092357921338,7,FALSE,1,29,-1.630872837
455,0,1,3,-0.377562738,3,FALSE,0,12,0.057401321401572766
456,0,0,17,-1.209198725,1,FALSE,0,95,1.7456754802713697
457,11,2,4,1.2857092357921338,7,FALSE,1,64,-1.630872837
458,9,1,19,-0.377562738,3,FALSE,1,89,-1.630872837
459,12,0,5,-1.209198725,1,FALSE,1,72,0.057401321401572766
460,0,2,15,1.2857092357921338,7,FALSE,0,52,0.057401321401572766
461,5,1,21,-0.377562738,3,FALSE,0,33,0.057401321401572766
462,16,2,0,1.2857092357921338,7,FALSE,2,79,0.057401321401572766
463,7,1,17,-0.377562738,3,FALSE,0,38,0.057401321401572766
464,0,0,12,-1.209198725,1,FALSE,0,68,0.057401321401572766
465,15,2,11,1.2857092357921338,7,FALSE,1,43,0.057401321401572766
466,4,1,7,-0.377562738,3,FALSE,0,5,1.7456754802713697
467,8,0,5,-1.209198725,1,FALSE,0,85,0.057401321401572766
468,3,1,13,-0.377562738,3,FALSE,0,15,0.057401321401572766
469,0,2,8,1.2857092357921338,7,FALSE,0,1,0.057401321401572766
470,5,0,18,-1.209198725,1,FALSE,0,61,0.057401321401572766
471,12,1,6,-0.377562738,3,FALSE,1,78,0.057401321401572766
472,0,2,2,1.2857092357921338,7,FALSE,0,91,0.057401321401572766
473,0,1,10,-0.377562738,3,FALSE,0,80,1.7456754802713697
474,7,2,1,1.2857092357921338,7,FALSE,0,36,0.057401321401572766
475,6,1,16,-0.377562738,3,FALSE,0,22,0.057401321401572766
476,14,2,14,1.2857092357921338,7,FALSE,1,27,-1.630872837
477,0,1,3,-0.377562738,3,FALSE,0,10,0.057401321401572766
478,0,0,17,-1.209198725,1,FALSE,0,97,1.7456754802713697
479,11,2,4,1.2857092357921338,7,FALSE,1,58,-1.630872837
480,9,1,19,-0.377562738,3,FALSE,1,7,-1.630872837
481,12,2,6,1.2857092357921338,7,FALSE,1,73,0.057401321401572766
482,2,0,7,-1.209198725,1,FALSE,0,24,1.7456754802713697
483,0,1,15,-0.377562738,3,FALSE,0,49,1.7456754802713697
484,5,0,21,-1.209198725,1,FALSE,0,47,0.057401321401572766
485,0,1,12,-0.377562738,3,FALSE,0,66,0.057401321401572766
486,15,2,11,1.2857092357921338,7,FALSE,1,39,0.057401321401572766
487,3,1,13,-0.377562738,3,FALSE,0,19,-1.630872837
488,0,2,8,1.2857092357921338,7,FALSE,0,2,0.057401321401572766
489,5,0,18,-1.209198725,1,FALSE,0,62,0.057401321401572766
490,0,1,2,-0.377562738,3,FALSE,0,92,0.057401321401572766
491,0,0,10,-1.209198725,1,FALSE,0,83,0.057401321401572766
492,7,2,1,1.2857092357921338,7,FALSE,0,44,0.057401321401572766
493,6,1,16,-0.377562738,3,FALSE,0,54,-1.630872837
494,14,2,14,1.2857092357921338,7,FALSE,1,29,-1.630872837
495,0,1,3,-0.377562738,3,FALSE,0,12,0.057401321401572766
496,0,0,17,-1.209198725,1,FALSE,0,95,1.7456754802713697
497,11,2,4,1.2857092357921338,7,FALSE,1,64,-1.630872837
498,9,1,19,-0.377562738,3,FALSE,1,89,-1.630872837
499,12,0,5,-1.209198725,1,FALSE,1,72,0.057401321401572766
500,0,2,15,1.2857092357921338,7,FALSE,0,52,0.057401321401572766
501,5,1,21,-0.377562738,3,FALSE,0,33,0.057401321401572766
502,16,2,0,1.2857092357921338,7,FALSE,2,79,0.057401321401572766
503,7,1,17,-0.377562738,3,FALSE,0,38,0.057401321401572766
504,0,0,12,-1.209198725,1,FALSE,0,68,0.057401321401572766
505,15,2,11,1.2857092357921338,7,FALSE,1,43,0.057401321401572766
506,4,1,7,-0.377562738,3,FALSE,0,5,1.7456754802713697
507,8,0,5,-1.209198725,1,FALSE,0,85,0.057401321401572766
508,3,1,13,-0.377562738,3,FALSE,0,15,0.057401321401572766
509,0,2,8,1.2857092357921338,7,FALSE,0,1,0.057401321401572766
510,5,0,18,-1.209198725,1,FALSE,0,61,0.057401321401572766
511,12,1,6,-0.377562738,3,FALSE,1,78,0.057401321401572766
512,0,2,2,1.2857092357921338,7,FALSE,0,91,0.057401321401572766
513,0,1,10,-0.377562738,3,FALSE,0,80,1.7456754802713697
514,7,2,1,1.2857092357921338,7,FALSE,0,36,0.057401321401572766
515,6,1,16,-0.377562738,3,FALSE,0,22,0.057401321401572766
516,14,2,14,1.2857092357921338,7,FALSE,1,27,-1.630872837
517,0,1,3,-0.377562738,3,FALSE,0,10,0.057401321401572766
518,0,0,17,-1.209198725,1,FALSE,0,97,1.7456754802713697
519,11,2,4,1.2857092357921338,7,FALSE,1,58,-1.630872837
520,9,1,19,-0.377562738,3,FALSE,1,7,-1.630872837
521,12,2,6,1.2857092357921338,7,FALSE,1,73,0.057401321401572766
522,2,0,7,-1.209198725,1,FALSE,0,24,1.7456754802713697
523,0,1,15,-0.377562738,3,FALSE,0,49,1.7456754802713697
524,5,0,21,-1.209198725,1,FALSE,0,47,0.057401321401572766
525,0,1,12,-0.377562738,3,FALSE,0,66,0.057401321401572766
526,15,2,11,1.2857092357921338,7,FALSE,1,39,0.057401321401572766
527,3,1,13,-0.377562738,3,FALSE,0,19,-1.630872837
528,0,2,8,1.2857092357921338,7,FALSE,0,2,0.057401321401572766
529,5,0,18,-1.209198725,1,FALSE,0,62,0.057401321401572766
530,0,1,2,-0.377562738,3,FALSE,0,92,0.057401321401572766
531,0,0,10,-1.209198725,1,FALSE,0,83,0.057401321401572766
532,7,2,1,1.2857092357921338,7,FALSE,0,44,0.057401321401572766
533,6,1,16,-0.377562738,3,FALSE,0,54,-1.630872837
534,14,2,14,1.2857092357921338,7,FALSE,1,29,-1.630872837
535,0,1,3,-0.377562738,3,FALSE,0,12,0.057401321401572766
536,0,0,17,-1.209198725,1,FALSE,0,95,1.7456754802713697
537,11,2,4,1.2857092357921338,7,FALSE,1,64,-1.630872837
538,9,1,19,-0.377562738,3,FALSE,1,89,-1.630872837
539,12,0,5,-1.209198725,1,FALSE,1,72,0.057401321401572766
540,0,2,15,1.2857092357921338,7,FALSE,0,52,0.057401321401572766
541,5,1,21,-0.377562738,3,FALSE,0,33,0.057401321401572766
542,16,2,0,1.2857092357921338,7,FALSE,2,79,0.057401321401572766
543,7,1,17,-0.377562738,3,FALSE,0,38,0.057401321401572766
544,0,0,12,-1.209198725,1,FALSE,0,68,0.057401321401572766
545,15,2,11,1.2857092357921338,7,FALSE,1,43,0.057401321401572766
546,4,1,7,-0.377562738,3,FALSE,0,5,1.7456754802713697
547,8,0,5,-1.209198725,1,FALSE,0,85,0.057401321401572766
548,3,1,13,-0.377562738,3,FALSE,0,15,0.057401321401572766
549,0,2,8,1.2857092357921338,7,FALSE,0,1,0.057401321401572766
550,5,0,18,-1.209198725,1,FALSE,0,61,0.057401321401572766
551,12,1,6,-0.377562738,3,FALSE,1,78,0.057401321401572766
552,0,2,2,1.2857092357921338,7,FALSE,0,91,0.057401321401572766
553,0,1,10,-0.377562738,3,FALSE,0,80,1.7456754802713697
554,7,2,1,1.2857092357921338,7,FALSE,0,36,0.057401321401572766
555,6,1,16,-0.377562738,3,FALSE,0,22,0.057401321401572766
556,14,2,14,1.2857092357921338,7,FALSE,1,27,-1.630872837
557,0,1,3,-0.377562738,3,FALSE,0,10,0.057401321401572766
558,0,0,17,-1.209198725,1,FALSE,0,97,1.7456754802713697
559,11,2,4,1.2857092357921338,7,FALSE,1,58,-1.630872837
560,9,1,19,-0.377562738,3,FALSE,1,7,-1.630872837
561,12,2,6,1.2857092357921338,7,FALSE,1,73,0.057401321401572766
562,2,0,7,-1.209198725,1,FALSE,0,24,1.7456754802713697
563,0,1,15,-0.377562738,3,FALSE,0,49,1.7456754802713697
564,5,0,21,-1.209198725,1,FALSE,0,47,0.057401321401572766
565,0,1,12,-0.377562738,3,FALSE,0,66,0.057401321401572766
566,15,2,11,1.2857092357921338,7,FALSE,1,39,0.057401321401572766
567,3,1,13,-0.377562738,3,FALSE,0,19,-1.630872837
568,0,2,8,1.2857092357921338,7,FALSE,0,2,0.057401321401572766
569,5,0,18,-1.209198725,1,FALSE,0,62,0.057401321401572766
570,0,1,2,-0.377562738,3,FALSE,0,92,0.057401321401572766
571,0,0,10,-1.209198725,1,FALSE,0,83,0.057401321401572766
572,7,2,1,1.2857092357921338,7,FALSE,0,44,0.057401321401572766
573,6,1,16,-0.377562738,3,FALSE,0,54,-1.630872837
574,14,2,14,1.2857092357921338,7,FALSE,1,29,-1.630872837
575,0,1,3,-0.377562738,3,FALSE,0,12,0.057401321401572766
576,0,0,17,-1.209198725,1,FALSE,0,95,1.7456754802713697
577,11,2,4,1.2857092357921338,7,FALSE,1,64,-1.630872837
578,9,1,19,-0.377562738,3,FALSE,1,89,-1.630872837
579,12,0,5,-1.209198725,1,FALSE,1,72,0.057401321401572766
580,0,2,15,1.2857092357921338,7,FALSE,0,52,0.057401321401572766
581,5,1,21,-0.377562738,3,FALSE,0,33,0.057401321401572766
582,16,2,0,1.2857092357921338,7,FALSE,2,79,0.057401321401572766
583,7,1,17,-0.377562738,3,FALSE,0,38,0.057401321401572766
584,0,0,12,-1.209198725,1,FALSE,0,68,0.057401321401572766
585,15,2,11,1.2857092357921338,7,FALSE,1,43,0.057401321401572766
586,4,1,7,-0.377562738,3,FALSE,0,5,1.7456754802713697
587,8,0,5,-1.209198725,1,FALSE,0,85,0.057401321401572766
588,3,1,13,-0.377562738,3,FALSE,0,15,0.057401321401572766
589,0,2,8,1.2857092357921338,7,FALSE,0,1,0.057401321401572766
590,5,0,18,-1.209198725,1,FALSE,0,61,0.057401321401572766
591,12,1,6,-0.377562738,3,FALSE,1,78,0.057401321401572766
592,0,2,2,1.2857092357921338,7,FALSE,0,91,0.057401321401572766
593,0,1,10,-0.377562738,3,FALSE,0,80,1.7456754802713697
594,7,2,1,1.2857092357921338,7,FALSE,0,36,0.057401321401572766
595,6,1,16,-0.377562738,3,FALSE,0,22,0.057401321401572766
596,14,2,14,1.2857092357921338,7,FALSE,1,27,-1.630872837
597,0,1,3,-0.377562738,3,FALSE,0,10,0.057401321401572766
598,0,0,17,-1.209198725,1,FALSE,0,97,1.7456754802713697
599,11,2,4,1.2857092357921338,7,FALSE,1,58,-1.630872837
600,9,1,19,-0.377562738,3,FALSE,1,7,-1.630872837
601,12,2,6,1.2857092357921338,7,FALSE,1,73,0.057401321401572766
602,2,0,7,-1.209198725,1,FALSE,0,24,1.7456754802713697
603,0,1,15,-0.377562738,3,FALSE,0,49,1.7456754802713697
604,5,0,21,-1.209198725,1,FALSE,0,47,0.057401321401572766
605,0,1,12,-0.377562738,3,FALSE,0,66,0.057401321401572766
606,15,2,11,1.2857092357921338,7,FALSE,1,39,0.057401321401572766
607,3,1,13,-0.377562738,3,FALSE,0,19,-1.630872837
608,0,2,8,1.2857092357921338,7,FALSE,0,2,0.057401321401572766
609,5,0,18,-1.209198725,1,FALSE,0,62,0.057401321401572766
610,0,1,2,-0.377562738,3,FALSE,0,92,0.057401321401572766
611,0,0,10,-1.209198725,1,FALSE,0,83,0.057401321401572766
612,7,2,1,1.2857092357921338,7,FALSE,0,44,0.057401321401572766
613,6,1,16,-0.377562738,3,FALSE,0,54,-1.630872837
614,14,2,14,1.2857092357921338,7,FALSE,1,29,-1.630872837
615,0,1,3,-0.377562738,3,FALSE,0,12,0.057401321401572766
616,0,0,17,-1.209198725,1,FALSE,0,95,1.7456754802713697
617,11,2,4,1.2857092357921338,7,FALSE,1,64,-1.630872837
618,9,1,19,-0.377562738,3,FALSE,1,89,-1.630872837
619,12,0,5,-1.209198725,1,FALSE,1,72,0.057401321401572766
620,0,2,15,1.2857092357921338,7,FALSE,0,52,0.057401321401572766
621,5,1,21,-0.377562738,3,FALSE,0,33,0.057401321401572766
622,16,2,0,1.2857092357921338,7,FALSE,2,79,0.057401321401572766
623,7,1,17,-0.377562738,3,FALSE,0,38,0.057401321401572766
624,0,0,12,-1.209198725,1,FALSE,0,68,0.057401321401572766
625,15,2,11,1.2857092357921338,7,FALSE,1,43,0.057401321401572766
626,4,1,7,-0.377562738,3,FALSE,0,5,1.7456754802713697
627,8,0,5,-1.209198725,1,FALSE,0,85,0.057401321401572766
628,3,1,13,-0.377562738,3,FALSE,0,15,0.057401321401572766
629,0,2,8,1.2857092357921338,7,FALSE,0,1,0.057401321401572766
630,5,0,18,-1.209198725,1,FALSE,0,61,0.057401321401572766
631,12,1,6,-0.377562738,3,FALSE,1,78,0.057401321401572766
632,0,2,2,1.2857092357921338,7,FALSE,0,91,0.057401321401572766
633,0,1,10,-0.377562738,3,FALSE,0,80,1.7456754802713697
634,7,2,1,1.2857092357921338,7,FALSE,0,36,0.057401321401572766
635,6,1,16,-0.377562738,3,FALSE,0,22,0.057401321401572766
636,14,2,14,1.2857092357921338,7,FALSE,1,27,-1.630872837
637,0,1,3,-0.377562738,3,FALSE,0,10,0.057401321401572766
638,0,0,17,-1.209198725,1,FALSE,0,97,1.7456754802713697
639,11,2,4,1.2857092357921338,7,FALSE,1,58,-1.630872837
640,9,1,19,-0.377562738,3,FALSE,1,7,-1.630872837
641,12,2,6,1.2857092357921338,7,FALSE,1,73,0.057401321401572766
642,2,0,7,-1.209198725,1,FALSE,0,24,1.7456754802713697
643,0,1,15,-0.377562738,3,FALSE,0,49,1.7456754802713697
644,5,0,21,-1.209198725,1,FALSE,0,47,0.057401321401572766
645,0,1,12,-0.377562738,3,FALSE,0,66,0.057401321401572766
646,15,2,11,1.2857092357921338,7,FALSE,1,39,0.057401321401572766
647,3,1,13,-0.377562738,3,FALSE,0,19,-1.630872837
648,0,2,8,1.2857092357921338,7,FALSE,0,2,0.057401321401572766
649,5,0,18,-1.209198725,1,FALSE,0,62,0.057401321401572766
650,0,1,2,-0.377562738,3,FALSE,0,92,0.057401321401572766
651,0,0,10,-1.209198725,1,FALSE,0,83,0.057401321401572766
652,7,2,1,1.2857092357921338,7,FALSE,0,44,0.057401321401572766
653,6,1,16,-0.377562738,3,FALSE,0,54,-1.630872837
654,14,2,14,1.2857092357921338,7,FALSE,1,29,-1.630872837
655,0,1,3,-0.377562738,3,FALSE,0,12,0.057401321401572766
656,0,0,17,-1.209198725,1,FALSE,0,95,1.7456754802713697
657,11,2,4,1.2857092357921338,7,FALSE,1,64,-1.630872837
658,9,1,19,-0.377562738,3,FALSE,1,89,-1.630872837
659,12,0,5,-1.209198725,1,FALSE,1,72,0.057401321401572766
660,0,2,15,1.2857092357921338,7,FALSE,0,52,0.057401321401572766
661,5,1,21,-0.377562738,3,FALSE,0,33,0.057401321401572766
662,16,2,0,1.2857092357921338,7,FALSE,2,79,0.057401321401572766
663,7,1,17,-0.377562738,3,FALSE,0,38,0.057401321401572766
664,0,0,12,-1.209198725,1,FALSE,0,68,0.057401321401572766
665,15,2,11,1.2857092357921338,7,FALSE,1,43,0.057401321401572766
666,4,1,7,-0.377562738,3,FALSE,0,5,1.7456754802713697
667,8,0,5,-1.209198725,1,FALSE,0,85,0.057401321401572766
668,3,1,13,-0.377562738,3,FALSE,0,15,0.057401321401572766
669,0,2,8,1.2857092357921338,7,FALSE,0,1,0.057401321401572766
670,5,0,18,-1.209198725,1,FALSE,0,61,0.057401321401572766
671,12,1,6,-0.377562738,3,FALSE,1,78,0.057401321401572766
672,0,2,2,1.2857092357921338,7,FALSE,0,91,0.057401321401572766
673,0,1,10,-0.377562738,3,FALSE,0,80,1.7456754802713697
674,7,2,1,1.2857092357921338,7,FALSE,0,36,0.057401321401572766
675,6,1,16,-0.377562738,3,FALSE,0,22,0.057401321401572766
676,14,2,14,1.2857092357921338,7,FALSE,1,27,-1.630872837
677,0,1,3,-0.377562738,3,FALSE,0,10,0.057401321401572766
678,0,0,17,-1.209198725,1,FALSE,0,97,1.7456754802713697
679,11,2,4,1.2857092357921338,7,FALSE,1,58,-1.630872837
680,9,1,19,-0.377562738,3,FALSE,1,7,-1.630872837
681,12,2,6,1.2857092357921338,7,FALSE,1,73,0.057401321401572766
682,2,0,7,-1.209198725,1,FALSE,0,24,1.7456754802713697
683,0,1,15,-0.377562738,3,FALSE,0,49,1.7456754802713697
684,5,0,21,-1.209198725,1,FALSE,0,47,0.057401321401572766
685,0,1,12,-0.377562738,3,FALSE,0,66,0.057401321401572766
686,15,2,11,1.2857092357921338,7,FALSE,1,39,0.057401321401572766
687,3,1,13,-0.377562738,3,FALSE,0,19,-1.630872837
688,0,2,8,1.2857092357921338,7,FALSE,0,2,0.057401321401572766
689,5,0,18,-1.209198725,1,FALSE,0,62,0.057401321401572766
690,0,1,2,-0.377562738,3,FALSE,0,92,0.057401321401572766
691,0,0,10,-1.209198725,1,FALSE,0,83,0.057401321401572766
692,7,2,1,1.2857092357921338,7,FALSE,0,44,0.057401321401572766
693,6,1,16,-0.377562738,3,FALSE,0,54,-1.630872837
694,14,2,14,1.2857092357921338,7,FALSE,1,29,-1.630872837
695,0,1,3,-0.377562738,3,FALSE,0,12,0.057401321401572766
696,0,0,17,-1.209198725,1,FALSE,0,95,1.7456754802713697
697,11,2,4,1.2857092357921338,7,FALSE,1,64,-1.630872837
698,9,1,19,-0.377562738,3,FALSE,1,88,0.057401321401572766
699,12,0,5,-1.209198725,1,FALSE,1,71,0.057401321401572766
700,0,2,15,1.2857092357921338,7,FALSE,0,51,3.4339496391411664
701,5,1,21,-0.377562738,3,FALSE,0,30,0.057401321401572766
702,16,2,0,1.2857092357921338,7,FALSE,2,75,0.057401321401572766
703,7,1,17,-0.377562738,3,FALSE,0,37,0.057401321401572766
704,0,0,12,-1.209198725,1,FALSE,0,69,0.057401321401572766
705,15,2,11,1.2857092357921338,7,FALSE,1,41,0.057401321401572766
706,4,1,7,-0.377562738,3,FALSE,0,4,1.7456754802713697
707,8,0,5,-1.209198725,1,FALSE,0,86,0.057401321401572766
708,3,1,13,-0.377562738,3,FALSE,0,16,0.057401321401572766
709,0,2,8,1.2857092357921338,7,FALSE,0,0,0.057401321401572766
710,5,0,18,-1.209198725,1,FALSE,0,61,0.057401321401572766
711,12,1,6,-0.377562738,3,FALSE,1,77,0.057401321401572766
712,0,2,2,1.2857092357921338,7,FALSE,0,91,0.057401321401572766
713,0,1,10,-0.377562738,3,FALSE,0,81,1.7456754802713697
714,7,2,1,1.2857092357921338,7,FALSE,0,35,0.057401321401572766
715,6,1,16,-0.377562738,3,FALSE,0,21,0.057401321401572766
716,14,2,14,1.2857092357921338,7,FALSE,1,26,-1.630872837
717,0,1,3,-0.377562738,3,FALSE,0,10,0.057401321401572766
718,0,0,17,-1.209198725,1,FALSE,0,95,1.7456754802713697
719,11,2,4,1.2857092357921338,7,FALSE,1,60,-1.630872837
720,9,1,19,-0.377562738,3,FALSE,1,6,0.057401321401572766
721,12,2,6,1.2857092357921338,7,FALSE,1,73,0.057401321401572766
722,2,0,7,-1.209198725,1,FALSE,0,24,1.7456754802713697
723,0,1,15,-0.377562738,3,FALSE,0,50,0.057401321401572766
724,5,0,21,-1.209198725,1,FALSE,0,47,0.057401321401572766
725,0,1,12,-0.377562738,3,FALSE,0,66,0.057401321401572766
726,15,2,11,1.2857092357921338,7,FALSE,1,39,0.057401321401572766
727,3,1,13,-0.377562738,3,FALSE,0,17,0.057401321401572766
728,0,2,8,1.2857092357921338,7,FALSE,0,2,0.057401321401572766
729,5,0,18,-1.209198725,1,FALSE,0,62,0.057401321401572766
730,0,1,2,-0.377562738,3,FALSE,0,92,0.057401321401572766
731,0,0,10,-1.209198725,1,FALSE,0,82,1.7456754802713697
732,7,2,1,1.2857092357921338,7,FALSE,0,46,0.057401321401572766
733,6,1,16,-0.377562738,3,FALSE,0,56,0.057401321401572766
734,14,2,14,1.2857092357921338,7,FALSE,1,28,-1.630872837
735,0,1,3,-0.377562738,3,FALSE,0,12,0.057401321401572766
736,0,0,17,-1.209198725,1,FALSE,0,97,1.7456754802713697
737,11,2,4,1.2857092357921338,7,FALSE,1,57,-1.630872837
738,9,1,19,-0.377562738,3,FALSE,1,8,0.057401321401572766
739,12,0,5,-1.209198725,1,FALSE,1,72,0.057401321401572766
740,0,2,15,1.2857092357921338,7,FALSE,0,52,0.057401321401572766
741,5,1,21,-0.377562738,3,FALSE,0,33,0.057401321401572766
742,16,2,0,1.2857092357921338,7,FALSE,2,79,0.057401321401572766
743,7,1,17,-0.377562738,3,FALSE,0,38,0.057401321401572766
744,0,0,12,-1.209198725,1,FALSE,0,67,0.057401321401572766
745,15,2,11,1.2857092357921338,7,FALSE,1,43,0.057401321401572766
746,4,1,7,-0.377562738,3,FALSE,0,5,1.7456754802713697
747,8,0,5,-1.209198725,1,FALSE,0,85,0.057401321401572766
748,3,1,13,-0.377562738,3,FALSE,0,15,0.057401321401572766
749,0,2,8,1.2857092357921338,7,FALSE,0,1,0.057401321401572766
750,5,0,18,-1.209198725,1,FALSE,0,61,0.057401321401572766
751,12,1,6,-0.377562738,3,FALSE,1,78,0.057401321401572766
752,0,2,2,1.2857092357921338,7,FALSE,0,91,0.057401321401572766
753,0,1,10,-0.377562738,3,FALSE,0,80,1.7456754802713697
754,7,2,1,1.2857092357921338,7,FALSE,0,36,0.057401321401572766
755,6,1,16,-0.377562738,3,FALSE,0,22,0.057401321401572766
756,14,2,14,1.2857092357921338,7,FALSE,1,27,-1.630872837
757,0,1,3,-0.377562738,3,FALSE,0,10,0.057401321401572766
758,0,0,17,-1.209198725,1,FALSE,0,95,1.7456754802713697
759,11,2,4,1.2857092357921338,7,FALSE,1,60,-1.630872837
760,9,1,19,-0.377562738,3,FALSE,1,7,-1.630872837
761,12,2,6,1.2857092357921338,7,FALSE,1,73,0.057401321401572766
762,2,0,7,-1.209198725,1,FALSE,0,24,1.7456754802713697
763,0,1,15,-0.377562738,3,FALSE,0,49,1.7456754802713697
764,5,0,21,-1.209198725,1,FALSE,0,47,0.057401321401572766
765,0,1,12,-0.377562738,3,FALSE,0,66,0.057401321401572766
766,15,2,11,1.2857092357921338,7,FALSE,1,39,0.057401321401572766
767,3,1,13,-0.377562738,3,FALSE,0,19,-1.630872837
768,0,2,8,1.2857092357921338,7,FALSE,0,2,0.057401321401572766
769,5,0,18,-1.209198725,1,FALSE,0,62,0.057401321401572766
770,0,1,2,-0.377562738,3,FALSE,0,92,0.057401321401572766
771,0,0,10,-1.209198725,1,FALSE,0,83,0.057401321401572766
772,7,2,1,1.2857092357921338,7,FALSE,0,44,0.057401321401572766
773,6,1,16,-0.377562738,3,FALSE,0,54,-1.630872837
774,14,2,14,1.2857092357921338,7,FALSE,1,29,-1.630872837
775,0,1,3,-0.377562738,3,FALSE,0,12,0.057401321401572766
776,0,0,17,-1.209198725,1,FALSE,0,95,1.7456754802713697
777,11,2,4,1.2857092357921338,7,FALSE,1,64,-1.630872837
778,9,1,19,-0.377562738,3,FALSE,1,89,-1.630872837
779,12,0,5,-1.209198725,1,FALSE,1,72,0.057401321401572766
780,0,2,15,1.2857092357921338,7,FALSE,0,52,0.057401321401572766
781,5,1,21,-0.377562738,3,FALSE,0,33,0.057401321401572766
782,16,2,0,1.2857092357921338,7,FALSE,2,79,0.057401321401572766
783,7,1,17,-0.377562738,3,FALSE,0,38,0.057401321401572766
784,0,0,12,-1.209198725,1,FALSE,0,68,0.057401321401572766
785,15,2,11,1.2857092357921338,7,FALSE,1,43,0.057401321401572766
786,4,1,7,-0.377562738,3,FALSE,0,5,1.7456754802713697
787,8,0,5,-1.209198725,1,FALSE,0,85,0.057401321401572766
788,3,1,13,-0.377562738,3,FALSE,0,15,0.057401321401572766
789,0,2,8,1.2857092357921338,7,FALSE,0,1,0.057401321401572766
790,5,0,18,-1.209198725,1,FALSE,0,61,0.057401321401572766
791,12,1,6,-0.377562738,3,FALSE,1,78,0.057401321401572766
792,0,2,2,1.2857092357921338,7,FALSE,0,91,0.057401321401572766
793,0,1,10,-0.377562738,3,FALSE,0,80,1.7456754802713697
794,7,2,1,1.2857092357921338,7,FALSE,0,36,0.057401321401572766
795,6,1,16,-0.377562738,3,FALSE,0,22,0.057401321401572766
796,14,2,14,1.2857092357921338,7,FALSE,1,27,-1.630872837
797,0,1,3,-0.377562738,3,FALSE,0,10,0.057401321401572766
798,0,0,17,-1.209198725,1,FALSE,0,97,1.7456754802713697
799,11,2,4,1.2857092357921338,7,FALSE,1,58,-1.630872837
800,9,1,19,-0.377562738,3,FALSE,1,7,-1.630872837
801,12,2,6,1.2857092357921338,7,FALSE,1,73,0.057401321401572766
802,2,0,7,-1.209198725,1,FALSE,0,24,1.7456754802713697
803,0,1,15,-0.377562738,3,FALSE,0,49,1.7456754802713697
804,5,0,21,-1.209198725,1,FALSE,0,47,0.057401321401572766
805,0,1,12,-0.377562738,3,FALSE,0,66,0.057401321401572766
806,15,2,11,1.2857092357921338,7,FALSE,1,39,0.057401321401572766
807,3,1,13,-0.377562738,3,FALSE,0,19,-1.630872837
808,0,2,8,1.2857092357921338,7,FALSE,0,2,0.057401321401572766
809,5,0,18,-1.209198725,1,FALSE,0,62,0.057401321401572766
810,0,1,2,-0.377562738,3,FALSE,0,93,0.057401321401572766
811,0,0,10,-1.209198725,1,FALSE,0,83,0.057401321401572766
812,7,2,1,1.2857092357921338,7,FALSE,0,44,0.057401321401572766
813,6,1,16,-0.377562738,3,FALSE,0,54,-1.630872837
814,14,2,14,1.2857092357921338,7,FALSE,1,29,-1.630872837
815,0,1,3,-0.377562738,3,FALSE,0,12,0.057401321401572766
816,0,0,17,-1.209198725,1,FALSE,0,95,1.7456754802713697
817,11,2,4,1.2857092357921338,7,FALSE,1,64,-1.630872837
818,9,1,19,-0.377562738,3,FALSE,1,89,-1.630872837
819,12,0,5,-1.209198725,1,FALSE,1,72,0.057401321401572766
820,0,2,15,1.2857092357921338,7,FALSE,0,52,0.057401321401572766
821,5,1,21,-0.377562738,3,FALSE,0,33,0.057401321401572766
822,16,2,0,1.2857092357921338,7,FALSE,2,79,0.057401321401572766
823,7,1,17,-0.377562738,3,FALSE,0,38,0.057401321401572766
824,0,0,12,-1.209198725,1,FALSE,0,68,0.057401321401572766
825,15,2,11,1.2857092357921338,7,FALSE,1,43,0.057401321401572766
826,4,1,7,-0.377562738,3,FALSE,0,5,1.7456754802713697
827,8,0,5,-1.209198725,1,FALSE,0,85,0.057401321401572766
828,3,1,13,-0.377562738,3,FALSE,0,15,0.057401321401572766
829,0,2,8,1.2857092357921338,7,FALSE,0,1,0.057401321401572766
830,5,0,18,-1.209198725,1,FALSE,0,61,0.057401321401572766
831,12,1,6,-0.377562738,3,FALSE,1,78,0.057401321401572766
832,0,2,2,1.2857092357921338,7,FALSE,0,91,0.057401321401572766
833,0,1,10,-0.377562738,3,FALSE,0,80,1.7456754802713697
834,7,2,1,1.2857092357921338,7,FALSE,0,36,0.057401321401572766
835,6,1,16,-0.377562738,3,FALSE,0,22,0.057401321401572766
836,14,2,14,1.2857092357921338,7,FALSE,1,27,-1.630872837
837,0,1,3,-0.377562738,3,FALSE,0,10,0.057401321401572766
838,0,0,17,-1.209198725,1,FALSE,0,97,1.7456754802713697
839,11,2,4,1.2857092357921338,7,FALSE,1,58,-1.630872837
840,9,1,19,-0.377562738,3,FALSE,1,7,-1.630872837
841,12,2,6,1.2857092357921338,7,FALSE,1,73,0.057401321401572766
842,2,0,7,-1.209198725,1,FALSE,0,24,1.7456754802713697
843,0,1,15,-0.377562738,3,FALSE,0,49,1.7456754802713697
844,5,0,21,-1.209198725,1,FALSE,0,47,0.057401321401572766
845,0,1,12,-0.377562738,3,FALSE,0,66,0.057401321401572766
846,15,2,11,1.2857092357921338,7,FALSE,1,39,0.057401321401572766
847,3,1,13,-0.377562738,3,FALSE,0,19,-1.630872837
848,0,2,8,1.2857092357921338,7,FALSE,0,2,0.057401321401572766
849,5,0,18,-1.209198725,1,FALSE,0,62,0.057401321401572766
850,0,1,2,-0.377562738,3,FALSE,0,92,0.057401321401572766
851,0,0,10,-1.209198725,1,FALSE,0,83,0.057401321401572766
852,7,2,1,1.2857092357921338,7,FALSE,0,44,0.057401321401572766
853,6,1,16,-0.377562738,3,FALSE,0,54,-1.630872837
854,14,2,14,1.2857092357921338,7,FALSE,1,29,-1.630872837
855,0,1,3,-0.377562738,3,FALSE,0,12,0.057401321401572766
856,0,0,17,-1.209198725,1,FALSE,0,95,1.7456754802713697
857,11,2,4,1.2857092357921338,7,FALSE,1,64,-1.630872837
858,9,1,19,-0.377562738,3,FALSE,1,89,-1.630872837
859,12,0,5,-1.209198725,1,FALSE,1,72,0.057401321401572766
860,0,2,15,1.2857092357921338,7,FALSE,0,52,0.057401321401572766
861,5,1,21,-0.377562738,3,FALSE,0,33,0.057401321401572766
862,16,2,0,1.2857092357921338,7,FALSE,2,79,0.057401321401572766
863,7,1,17,-0.377562738,3,FALSE,0,38,0.057401321401572766
864,0,0,12,-1.209198725,1,FALSE,0,68,0.057401321401572766
865,15,2,11,1.2857092357921338,7,FALSE,1,43,0.057401321401572766
866,4,1,7,-0.377562738,3,FALSE,0,5,1.7456754802713697
867,8,0,5,-1.209198725,1,FALSE,0,85,0.057401321401572766
868,3,1,13,-0.377562738,3,FALSE,0,15,0.057401321401572766
869,0,2,8,1.2857092357921338,7,FALSE,0,1,0.057401321401572766
870,5,0,18,-1.209198725,1,FALSE,0,61,0.057401321401572766
871,12,1,6,-0.377562738,3,FALSE,1,78,0.057401321401572766
872,0,2,2,1.2857092357921338,7,FALSE,0,91,0.057401321401572766
873,0,1,10,-0.377562738,3,FALSE,0,80,1.7456754802713697
874,7,2,1,1.2857092357921338,7,FALSE,0,36,0.057401321401572766
875,6,1,16,-0.377562738,3,FALSE,0,22,0.057401321401572766
876,14,2,14,1.2857092357921338,7,FALSE,1,27,-1.630872837
877,0,1,3,-0.377562738,3,FALSE,0,10,0.057401321401572766
878,0,0,17,-1.209198725,1,FALSE,0,97,1.7456754802713697
879,11,2,4,1.2857092357921338,7,FALSE,1,58,-1.630872837
880,9,1,19,-0.377562738,3,FALSE,1,7,-1.630872837
881,12,2,6,1.2857092357921338,7,FALSE,1,73,0.057401321401572766
882,2,0,7,-1.209198725,1,FALSE,0,24,1.7456754802713697
883,0,1,15,-0.377562738,3,FALSE,0,49,1.7456754802713697
884,5,0,21,-1.209198725,1,FALSE,0,47,0.057401321401572766
885,0,1,12,-0.377562738,3,FALSE,0,66,0.057401321401572766
886,15,2,11,1.2857092357921338,7,FALSE,1,39,0.057401321401572766
887,3,1,13,-0.377562738,3,FALSE,0,19,-1.630872837
888,0,2,8,1.2857092357921338,7,FALSE,0,2,0.057401321401572766
889,5,0,18,-1.209198725,1,FALSE,0,62,0.057401321401572766
890,0,1,2,-0.377562738,3,FALSE,0,92,0.057401321401572766
891,0,0,10,-1.209198725,1,FALSE,0,83,0.057401321401572766
892,7,2,1,1.2857092357921338,7,FALSE,0,44,0.057401321401572766
893,6,1,16,-0.377562738,3,FALSE,0,54,-1.630872837
894,14,2,14,1.2857092357921338,7,FALSE,1,29,-1.630872837
895,0,1,3,-0.377562738,3,FALSE,0,12,0.057401321401572766
896,0,0,17,-1.209198725,1,FALSE,0,95,1.7456754802713697
897,11,2,4,1.2857092357921338,7,FALSE,1,64,-1.630872837
898,9,1,19,-0.377562738,3,FALSE,1,89,-1.630872837
899,12,0,5,-1.209198725,1,FALSE,1,72,0.057401321401572766
900,0,2,15,1.2857092357921338,7,FALSE,0,52,0.057401321401572766
901,5,1,21,-0.377562738,3,FALSE,0,33,0.057401321401572766
902,16,2,0,1.2857092357921338,7,FALSE,2,79,0.057401321401572766
903,7,1,17,-0.377562738,3,FALSE,0,38,0.057401321401572766
904,0,0,12,-1.209198725,1,FALSE,0,68,0.057401321401572766
905,15,2,11,1.2857092357921338,7,FALSE,1,43,0.057401321401572766
906,4,1,7,-0.377562738,3,FALSE,0,5,1.7456754802713697
907,8,0,5,-1.209198725,1,FALSE,0,85,0.057401321401572766
908,3,1,13,-0.377562738,3,FALSE,0,15,0.057401321401572766
909,0,2,8,1.2857092357921338,7,FALSE,0,1,0.057401321401572766
910,5,0,18,-1.209198725,1,FALSE,0,61,0.057401321401572766
911,12,1,6,-0.377562738,3,FALSE,1,78,0.057401321401572766
912,0,2,2,1.2857092357921338,7,FALSE,0,91,0.057401321401572766
913,0,1,10,-0.377562738,3,FALSE,0,80,1.7456754802713697
914,7,2,1,1.2857092357921338,7,FALSE,0,36,0.057401321401572766
915,6,1,16,-0.377562738,3,FALSE,0,22,0.057401321401572766
916,14,2,14,1.2857092357921338,7,FALSE,1,27,-1.630872837
917,0,1,3,-0.377562738,3,FALSE,0,10,0.057401321401572766
918,0,0,17,-1.209198725,1,FALSE,0,97,1.7456754802713697
919,11,2,4,1.2857092357921338,7,FALSE,1,58,-1.630872837
920,9,1,19,-0.377562738,3,FALSE,1,7,-1.630872837
921,12,2,6,1.2857092357921338,7,FALSE,1,73,0.057401321401572766
922,2,0,7,-1.209198725,1,FALSE,0,24,1.7456754802713697
923,0,1,15,-0.377562738,3,FALSE,0,49,1.7456754802713697
924,5,0,21,-1.209198725,1,FALSE,0,47,0.057401321401572766
925,0,1,12,-0.377562738,3,FALSE,0,66,0.057401321401572766
926,15,2,11,1.2857092357921338,7,FALSE,1,39,0.057401321401572766
927,3,1,13,-0.377562738,3,FALSE,0,19,-1.630872837
928,0,2,8,1.2857092357921338,7,FALSE,0,2,0.057401321401572766
929,5,0,18,-1.209198725,1,FALSE,0,62,0.057401321401572766
930,0,1,2,-0.377562738,3,FALSE,0,92,0.057401321401572766
931,0,0,10,-1.209198725,1,FALSE,0,83,0.057401321401572766
932,7,2,1,1.2857092357921338,7,FALSE,0,44,0.057401321401572766
933,6,1,16,-0.377562738,3,FALSE,0,54,-1.630872837
934,14,2,14,1.2857092357921338,7,FALSE,1,29,-1.630872837
935,0,1,3,-0.377562738,3,FALSE,0,12,0.057401321401572766
936,0,0,17,-1.209198725,1,FALSE,0,95,1.7456754802713697
937,11,2,4,1.2857092357921338,7,FALSE,1,64,-1.630872837
938,9,1,19,-0.377562738,3,FALSE,1,89,-1.630872837
939,12,0,5,-1.209198725,1,FALSE,1,72,0.057401321401572766
940,0,2,15,1.2857092357921338,7,FALSE,0,52,0.057401321401572766
941,5,1,21,-0.377562738,3,FALSE,0,33,0.057401321401572766
942,16,2,0,1.2857092357921338,7,FALSE,2,79,0.057401321401572766
943,7,1,17,-0.377562738,3,FALSE,0,38,0.057401321401572766
944,0,0,12,-1.209198725,1,FALSE,0,68,0.057401321401572766
945,15,2,11,1.2857092357921338,7,FALSE,1,43,0.057401321401572766
946,4,1,7,-0.377562738,3,FALSE,0,5,1.7456754802713697
947,8,0,5,-1.209198725,1,FALSE,0,85,0.057401321401572766
948,3,1,13,-0.377562738,3,FALSE,0,15,0.057401321401572766
949,0,2,8,1.2857092357921338,7,FALSE,0,1,0.057401321401572766
950,5,0,18,-1.209198725,1,FALSE,0,61,0.057401321401572766
951,12,1,6,-0.377562738,3,FALSE,1,78,0.057401321401572766
952,0,2,2,1.2857092357921338,7,FALSE,0,91,0.057401321401572766
953,0,1,10,-0.377562738,3,FALSE,0,80,1.7456754802713697
954,7,2,1,1.2857092357921338,7,FALSE,0,36,0.057401321401572766
955,6,1,16,-0.377562738,3,FALSE,0,22,0.057401321401572766
956,14,2,14,1.2857092357921338,7,FALSE,1,27,-1.630872837
957,0,1,3,-0.377562738,3,FALSE,0,10,0.057401321401572766
958,0,0,17,-1.209198725,1,FALSE,0,97,1.7456754802713697
959,11,2,4,1.2857092357921338,7,FALSE,1,58,-1.630872837
960,9,1,19,-0.377562738,3,FALSE,1,7,-1.630872837
961,12,2,6,1.2857092357921338,7,FALSE,1,73,0.057401321401572766
962,2,0,7,-1.209198725,1,FALSE,0,24,1.7456754802713697
963,0,1,15,-0.377562738,3,FALSE,0,49,1.7456754802713697
964,5,0,21,-1.209198725,1,FALSE,0,47,0.057401321401572766
965,0,1,12,-0.377562738,3,FALSE,0,66,0.057401321401572766
966,15,2,11,1.2857092357921338,7,FALSE,1,39,0.057401321401572766
967,3,1,13,-0.377562738,3,FALSE,0,19,-1.630872837
968,0,2,8,1.2857092357921338,7,FALSE,0,2,0.057401321401572766
969,5,0,18,-1.209198725,1,FALSE,0,62,0.057401321401572766
970,0,1,2,-0.377562738,3,FALSE,0,92,0.057401321401572766
971,0,0,10,-1.209198725,1,FALSE,0,83,0.057401321401572766
972,7,2,1,1.2857092357921338,7,FALSE,0,44,0.057401321401572766
973,6,1,16,-0.377562738,3,FALSE,0,54,-1.630872837
974,14,2,14,1.2857092357921338,7,FALSE,1,29,-1.630872837
975,0,1,3,-0.377562738,3,FALSE,0,12,0.057401321401572766
976,0,0,17,-1.209198725,1,FALSE,0,95,1.7456754802713697
977,11,2,4,1.2857092357921338,7,FALSE,1,64,-1.630872837
978,9,1,19,-0.377562738,3,FALSE,1,89,-1.630872837
979,12,0,5,-1.209198725,1,FALSE,1,72,0.057401321401572766
980,0,2,15,1.2857092357921338,7,FALSE,0,52,0.057401321401572766
981,5,1,21,-0.377562738,3,FALSE,0,33,0.057401321401572766
982,16,2,0,1.2857092357921338,7,FALSE,2,79,0.057401321401572766
983,7,1,17,-0.377562738,3,FALSE,0,38,0.057401321401572766
984,0,0,12,-1.209198725,1,FALSE,0,68,0.057401321401572766
985,15,2,11,1.2857092357921338,7,FALSE,1,43,0.057401321401572766
986,4,1,7,-0.377562738,3,FALSE,0,5,1.7456754802713697
987,8,0,5,-1.209198725,1,FALSE,0,85,0.057401321401572766
988,3,1,13,-0.377562738,3,FALSE,0,15,0.057401321401572766
989,0,2,8,1.2857092357921338,7,FALSE,0,1,0.057401321401572766
990,5,0,18,-1.209198725,1,FALSE,0,61,0.057401321401572766
991,12,1,6,-0.377562738,3,FALSE,1,78,0.057401321401572766
992,0,2,2,1.2857092357921338,7,FALSE,0,91,0.057401321401572766
993,0,1,10,-0.377562738,3,FALSE,0,80,1.7456754802713697
994,7,2,1,1.2857092357921338,7,FALSE,0,36,0.057401321401572766
995,6,1,16,-0.377562738,3,FALSE,0,22,0.057401321401572766
996,14,2,14,1.2857092357921338,7,FALSE,1,27,-1.630872837
997,0,1,3,-0.377562738,3,FALSE,0,10,0.057401321401572766
998,0,0,17,-1.209198725,1,FALSE,0,97,1.7456754802713697
999,11,2,4,1.2857092357921338,7,FALSE,1,58,-1.630872837
1000,9,1,19,-0.377562738,3,FALSE,1,7,-1.630872837
